bestelnr,klantnr,naam,postcodehuisnr,woonplaats,regioCode,regiomgr,mgrnm,verkoper,verknm,besteldatum,leverdatum,betaaldatum,aantal,artikelnr,omschrijving,catomschrijving,prijs,regelOmzet
1001,15,Boer. de,5463ZK1003,Veghel,GVGH,806,Karel,805,Harrie,2012-01-06,2012-01-09,2012-01-18,9,408,Soja Chocolademelk Biologisch,biologische artikelen,17.88,160.92
1002,16,Velzenmaker,5625BT24,Eindhoven,REHV,802,Klaas,805,Harrie,2012-01-07,2012-01-09,2012-01-17,6,407,Zwezerik,luxe artikelen van de traitteur,14.25,85.5
1002,16,Velzenmaker,5625BT24,Eindhoven,REHV,802,Klaas,805,Harrie,2012-01-07,2012-01-09,2012-01-17,15,410,Soja Vanillevla Biologisch,biologische artikelen,21,315
1003,13,Heiden. van der,5701HT21,Helmond,RHMD,803,Gerda,806,Karel,2012-01-08,2012-01-13,2012-01-29,18,401,Kaviaar,luxe artikelen van de traitteur,23.65,425.7
1004,19,Zuur,5463KK103,Veghel,GVGH,806,Karel,806,Karel,2012-01-14,2012-01-20,2012-01-24,7,406,Sojamelk Naturel Biologisch,biologische artikelen,7.5,52.5
1005,17,Jansen,5701TT17,Helmond,RHMD,803,Gerda,803,Gerda,2012-01-19,2012-01-23,2012-01-26,19,406,Sojamelk Naturel Biologisch,biologische artikelen,7.5,142.5
1006,11,Jansen,5645KZ1,Eindhoven,REHV,802,Klaas,801,Herman,2012-01-20,2012-01-23,2012-01-30,21,411,Sojamelk Gezoet Biologisch,biologische artikelen,19.95,418.95
1007,17,Jansen,5701TT17,Helmond,RHMD,803,Gerda,802,Klaas,2012-01-20,2012-01-25,2012-01-28,16,401,Kaviaar,luxe artikelen van de traitteur,23.65,378.4
1008,16,Velzenmaker,5625BT24,Eindhoven,REHV,802,Klaas,801,Herman,2012-01-21,2012-01-24,2012-02-10,8,410,Soja Vanillevla Biologisch,biologische artikelen,21,168
1009,16,Velzenmaker,5625BT24,Eindhoven,REHV,802,Klaas,803,Gerda,2012-01-22,2012-01-25,2012-01-30,5,401,Kaviaar,luxe artikelen van de traitteur,23.65,118.25
1009,16,Velzenmaker,5625BT24,Eindhoven,REHV,802,Klaas,803,Gerda,2012-01-22,2012-01-25,2012-01-30,20,402,Ganzenlever,luxe artikelen van de traitteur,83.6,1672
1009,16,Velzenmaker,5625BT24,Eindhoven,REHV,802,Klaas,803,Gerda,2012-01-22,2012-01-25,2012-01-30,6,408,Soja Chocolademelk Biologisch,biologische artikelen,17.88,107.28
1010,12,Rademakers,5625BT24,Eindhoven,REHV,802,Klaas,804,Bertha,2012-01-22,2012-01-27,2012-02-23,18,410,Soja Vanillevla Biologisch,biologische artikelen,21,378
1011,12,Rademakers,5625BT24,Eindhoven,REHV,802,Klaas,803,Gerda,2012-01-23,2012-01-25,2012-02-09,14,403,Vruchtenyoghurt Aardbei,zuivelartikelen,16.25,227.5
1012,13,Heiden. van der,5701HT21,Helmond,RHMD,803,Gerda,806,Karel,2012-01-25,2012-01-30,2012-02-06,7,402,Ganzenlever,luxe artikelen van de traitteur,83.6,585.2
1013,18,Bocht,5798ZK177,Laarbeek,RHMD,803,Gerda,801,Herman,2012-01-25,2012-01-28,2012-02-12,9,411,Sojamelk Gezoet Biologisch,biologische artikelen,19.95,179.55
1014,19,Zuur,5463KK103,Veghel,GVGH,806,Karel,806,Karel,2012-01-27,2012-01-31,2012-02-11,22,401,Kaviaar,luxe artikelen van de traitteur,23.65,520.3
1014,19,Zuur,5463KK103,Veghel,GVGH,806,Karel,806,Karel,2012-01-27,2012-01-31,2012-02-11,9,405,Magere Kwark,zuivelartikelen,8.95,80.55
1014,19,Zuur,5463KK103,Veghel,GVGH,806,Karel,806,Karel,2012-01-27,2012-01-31,2012-02-11,23,409,Vruchtenyoghurt Mango,zuivelartikelen,16.25,373.75
1015,11,Jansen,5645KZ1,Eindhoven,REHV,802,Klaas,803,Gerda,2012-01-28,2012-01-31,2012-02-14,9,410,Soja Vanillevla Biologisch,biologische artikelen,21,189
1016,19,Zuur,5463KK103,Veghel,GVGH,806,Karel,805,Harrie,2012-02-04,2012-02-06,2012-02-18,6,409,Vruchtenyoghurt Mango,zuivelartikelen,16.25,97.5
1017,14,Kraymans,5472ZK103,Erp,GVGH,806,Karel,804,Bertha,2012-02-04,2012-02-05,2012-02-15,18,404,Volle Yoghurt,zuivelartikelen,11.5,207
1017,14,Kraymans,5472ZK103,Erp,GVGH,806,Karel,804,Bertha,2012-02-04,2012-02-05,2012-02-15,14,405,Magere Kwark,zuivelartikelen,8.95,125.3
1018,11,Jansen,5645KZ1,Eindhoven,REHV,802,Klaas,801,Herman,2012-02-05,2012-02-10,2012-02-21,21,401,Kaviaar,luxe artikelen van de traitteur,23.65,496.65
1019,15,Boer. de,5463ZK1003,Veghel,GVGH,806,Karel,805,Harrie,2012-02-05,2012-02-08,2012-02-14,10,409,Vruchtenyoghurt Mango,zuivelartikelen,16.25,162.5
1020,16,Velzenmaker,5625BT24,Eindhoven,REHV,802,Klaas,802,Klaas,2012-02-06,2012-02-10,2012-02-19,11,409,Vruchtenyoghurt Mango,zuivelartikelen,16.25,178.75
1020,16,Velzenmaker,5625BT24,Eindhoven,REHV,802,Klaas,802,Klaas,2012-02-06,2012-02-10,2012-02-19,20,411,Sojamelk Gezoet Biologisch,biologische artikelen,19.95,399
1021,11,Jansen,5645KZ1,Eindhoven,REHV,802,Klaas,805,Harrie,2012-02-06,2012-02-10,2012-03-05,7,408,Soja Chocolademelk Biologisch,biologische artikelen,17.88,125.16
1022,17,Jansen,5701TT17,Helmond,RHMD,803,Gerda,802,Klaas,2012-02-07,2012-02-14,2012-02-18,17,404,Volle Yoghurt,zuivelartikelen,11.5,195.5
1023,19,Zuur,5463KK103,Veghel,GVGH,806,Karel,801,Herman,2012-02-10,2012-02-11,2012-02-19,8,401,Kaviaar,luxe artikelen van de traitteur,23.65,189.2
1024,11,Jansen,5645KZ1,Eindhoven,REHV,802,Klaas,802,Klaas,2012-02-11,2012-02-15,2012-03-08,17,410,Soja Vanillevla Biologisch,biologische artikelen,21,357
1025,11,Jansen,5645KZ1,Eindhoven,REHV,802,Klaas,804,Bertha,2012-02-12,2012-02-15,2012-03-01,5,410,Soja Vanillevla Biologisch,biologische artikelen,21,105
1026,17,Jansen,5701TT17,Helmond,RHMD,803,Gerda,805,Harrie,2012-02-12,2012-02-14,2012-03-06,6,402,Ganzenlever,luxe artikelen van de traitteur,83.6,501.6
1027,14,Kraymans,5472ZK103,Erp,GVGH,806,Karel,806,Karel,2012-02-15,2012-02-17,2012-02-26,21,409,Vruchtenyoghurt Mango,zuivelartikelen,16.25,341.25
1028,16,Velzenmaker,5625BT24,Eindhoven,REHV,802,Klaas,804,Bertha,2012-02-17,2012-02-18,2012-03-11,11,405,Magere Kwark,zuivelartikelen,8.95,98.45
1029,13,Heiden. van der,5701HT21,Helmond,RHMD,803,Gerda,806,Karel,2012-02-17,2012-02-22,2012-03-05,18,401,Kaviaar,luxe artikelen van de traitteur,23.65,425.7
1030,13,Heiden. van der,5701HT21,Helmond,RHMD,803,Gerda,806,Karel,2012-02-18,2012-02-20,2012-03-12,8,411,Sojamelk Gezoet Biologisch,biologische artikelen,19.95,159.6
1031,15,Boer. de,5463ZK1003,Veghel,GVGH,806,Karel,805,Harrie,2012-02-27,2012-03-01,2012-03-25,11,401,Kaviaar,luxe artikelen van de traitteur,23.65,260.15
1031,15,Boer. de,5463ZK1003,Veghel,GVGH,806,Karel,805,Harrie,2012-02-27,2012-03-01,2012-03-25,18,404,Volle Yoghurt,zuivelartikelen,11.5,207
1031,15,Boer. de,5463ZK1003,Veghel,GVGH,806,Karel,805,Harrie,2012-02-27,2012-03-01,2012-03-25,21,409,Vruchtenyoghurt Mango,zuivelartikelen,16.25,341.25
1032,11,Jansen,5645KZ1,Eindhoven,REHV,802,Klaas,803,Gerda,2012-03-03,2012-03-07,2012-03-10,7,405,Magere Kwark,zuivelartikelen,8.95,62.65
1032,11,Jansen,5645KZ1,Eindhoven,REHV,802,Klaas,803,Gerda,2012-03-03,2012-03-07,2012-03-10,16,411,Sojamelk Gezoet Biologisch,biologische artikelen,19.95,319.2
1033,12,Rademakers,5625BT24,Eindhoven,REHV,802,Klaas,802,Klaas,2012-03-04,2012-03-07,2012-04-04,6,406,Sojamelk Naturel Biologisch,biologische artikelen,7.5,45
1034,11,Jansen,5645KZ1,Eindhoven,REHV,802,Klaas,806,Karel,2012-03-05,2012-03-10,2012-03-25,8,406,Sojamelk Naturel Biologisch,biologische artikelen,7.5,60
1035,15,Boer. de,5463ZK1003,Veghel,GVGH,806,Karel,804,Bertha,2012-03-06,2012-03-13,2012-03-21,14,410,Soja Vanillevla Biologisch,biologische artikelen,21,294
1036,14,Kraymans,5472ZK103,Erp,GVGH,806,Karel,804,Bertha,2012-03-09,2012-03-11,2012-03-23,16,402,Ganzenlever,luxe artikelen van de traitteur,83.6,1337.6
1037,15,Boer. de,5463ZK1003,Veghel,GVGH,806,Karel,802,Klaas,2012-03-09,2012-03-16,2012-03-31,9,410,Soja Vanillevla Biologisch,biologische artikelen,21,189
1038,12,Rademakers,5625BT24,Eindhoven,REHV,802,Klaas,803,Gerda,2012-03-11,2012-03-18,2012-03-21,24,404,Volle Yoghurt,zuivelartikelen,11.5,276
1039,11,Jansen,5645KZ1,Eindhoven,REHV,802,Klaas,803,Gerda,2012-03-14,2012-03-16,2012-04-02,21,402,Ganzenlever,luxe artikelen van de traitteur,83.6,1755.6
1039,11,Jansen,5645KZ1,Eindhoven,REHV,802,Klaas,803,Gerda,2012-03-14,2012-03-16,2012-04-02,9,407,Zwezerik,luxe artikelen van de traitteur,14.25,128.25
1039,11,Jansen,5645KZ1,Eindhoven,REHV,802,Klaas,803,Gerda,2012-03-14,2012-03-16,2012-04-02,8,409,Vruchtenyoghurt Mango,zuivelartikelen,16.25,130
1039,11,Jansen,5645KZ1,Eindhoven,REHV,802,Klaas,803,Gerda,2012-03-14,2012-03-16,2012-04-02,24,411,Sojamelk Gezoet Biologisch,biologische artikelen,19.95,478.8
1040,20,Bakermans,5631PK10,Waalre,REHV,802,Klaas,804,Bertha,2012-03-15,2012-03-18,2012-03-23,5,410,Soja Vanillevla Biologisch,biologische artikelen,21,105
1041,17,Jansen,5701TT17,Helmond,RHMD,803,Gerda,806,Karel,2012-03-17,2012-03-22,2012-04-13,15,409,Vruchtenyoghurt Mango,zuivelartikelen,16.25,243.75
1042,18,Bocht,5798ZK177,Laarbeek,RHMD,803,Gerda,802,Klaas,2012-03-17,2012-03-19,2012-04-06,9,411,Sojamelk Gezoet Biologisch,biologische artikelen,19.95,179.55
1043,16,Velzenmaker,5625BT24,Eindhoven,REHV,802,Klaas,803,Gerda,2012-03-18,2012-03-19,2012-03-21,6,411,Sojamelk Gezoet Biologisch,biologische artikelen,19.95,119.7
1044,13,Heiden. van der,5701HT21,Helmond,RHMD,803,Gerda,804,Bertha,2012-03-20,2012-03-23,2012-04-15,11,404,Volle Yoghurt,zuivelartikelen,11.5,126.5
1045,14,Kraymans,5472ZK103,Erp,GVGH,806,Karel,801,Herman,2012-03-20,2012-03-25,2012-03-29,11,408,Soja Chocolademelk Biologisch,biologische artikelen,17.88,196.68
1046,16,Velzenmaker,5625BT24,Eindhoven,REHV,802,Klaas,802,Klaas,2012-03-23,2012-03-26,2012-04-17,23,401,Kaviaar,luxe artikelen van de traitteur,23.65,543.95
1046,16,Velzenmaker,5625BT24,Eindhoven,REHV,802,Klaas,802,Klaas,2012-03-23,2012-03-26,2012-04-17,24,405,Magere Kwark,zuivelartikelen,8.95,214.8
1047,18,Bocht,5798ZK177,Laarbeek,RHMD,803,Gerda,805,Harrie,2012-03-23,2012-03-28,2012-04-09,12,405,Magere Kwark,zuivelartikelen,8.95,107.4
1048,16,Velzenmaker,5625BT24,Eindhoven,REHV,802,Klaas,801,Herman,2012-03-27,2012-04-03,2012-04-23,12,407,Zwezerik,luxe artikelen van de traitteur,14.25,171
1049,11,Jansen,5645KZ1,Eindhoven,REHV,802,Klaas,806,Karel,2012-03-28,2012-04-03,2012-04-12,7,402,Ganzenlever,luxe artikelen van de traitteur,83.6,585.2
1050,15,Boer. de,5463ZK1003,Veghel,GVGH,806,Karel,801,Herman,2012-03-30,2012-04-04,2012-04-18,16,402,Ganzenlever,luxe artikelen van de traitteur,83.6,1337.6
1051,12,Rademakers,5625BT24,Eindhoven,REHV,802,Klaas,802,Klaas,2012-03-31,2012-04-05,2012-04-16,20,406,Sojamelk Naturel Biologisch,biologische artikelen,7.5,150
1052,13,Heiden. van der,5701HT21,Helmond,RHMD,803,Gerda,803,Gerda,2012-04-04,2012-04-11,2012-05-07,11,409,Vruchtenyoghurt Mango,zuivelartikelen,16.25,178.75
1053,19,Zuur,5463KK103,Veghel,GVGH,806,Karel,806,Karel,2012-04-06,2012-04-10,2012-04-15,15,406,Sojamelk Naturel Biologisch,biologische artikelen,7.5,112.5
1054,19,Zuur,5463KK103,Veghel,GVGH,806,Karel,802,Klaas,2012-04-09,2012-04-14,2012-05-03,4,402,Ganzenlever,luxe artikelen van de traitteur,83.6,334.4
1055,18,Bocht,5798ZK177,Laarbeek,RHMD,803,Gerda,802,Klaas,2012-04-11,2012-04-14,2012-04-16,9,409,Vruchtenyoghurt Mango,zuivelartikelen,16.25,146.25
1056,20,Bakermans,5631PK10,Waalre,REHV,802,Klaas,803,Gerda,2012-04-13,2012-04-18,2012-04-26,6,406,Sojamelk Naturel Biologisch,biologische artikelen,7.5,45
1056,20,Bakermans,5631PK10,Waalre,REHV,802,Klaas,803,Gerda,2012-04-13,2012-04-18,2012-04-26,11,411,Sojamelk Gezoet Biologisch,biologische artikelen,19.95,219.45
1057,17,Jansen,5701TT17,Helmond,RHMD,803,Gerda,805,Harrie,2012-04-16,2012-04-19,2012-05-13,5,411,Sojamelk Gezoet Biologisch,biologische artikelen,19.95,99.75
1058,12,Rademakers,5625BT24,Eindhoven,REHV,802,Klaas,805,Harrie,2012-04-18,2012-04-20,2012-04-24,14,411,Sojamelk Gezoet Biologisch,biologische artikelen,19.95,279.3
1059,20,Bakermans,5631PK10,Waalre,REHV,802,Klaas,801,Herman,2012-04-21,2012-04-22,2012-05-05,23,408,Soja Chocolademelk Biologisch,biologische artikelen,17.88,411.24
1060,15,Boer. de,5463ZK1003,Veghel,GVGH,806,Karel,802,Klaas,2012-04-21,2012-04-27,2012-05-24,15,405,Magere Kwark,zuivelartikelen,8.95,134.25
1061,12,Rademakers,5625BT24,Eindhoven,REHV,802,Klaas,801,Herman,2012-04-28,2012-04-30,2012-05-03,10,406,Sojamelk Naturel Biologisch,biologische artikelen,7.5,75
1062,13,Heiden. van der,5701HT21,Helmond,RHMD,803,Gerda,801,Herman,2012-05-05,2012-05-10,2012-05-19,15,407,Zwezerik,luxe artikelen van de traitteur,14.25,213.75
1063,11,Jansen,5645KZ1,Eindhoven,REHV,802,Klaas,806,Karel,2012-05-09,2012-05-13,2012-06-09,23,407,Zwezerik,luxe artikelen van de traitteur,14.25,327.75
1064,14,Kraymans,5472ZK103,Erp,GVGH,806,Karel,806,Karel,2012-05-10,2012-05-16,2012-05-23,17,406,Sojamelk Naturel Biologisch,biologische artikelen,7.5,127.5
1064,14,Kraymans,5472ZK103,Erp,GVGH,806,Karel,806,Karel,2012-05-10,2012-05-16,2012-05-23,32,408,Soja Chocolademelk Biologisch,biologische artikelen,17.88,572.16
1064,14,Kraymans,5472ZK103,Erp,GVGH,806,Karel,806,Karel,2012-05-10,2012-05-16,2012-05-23,13,409,Vruchtenyoghurt Mango,zuivelartikelen,16.25,211.25
1065,11,Jansen,5645KZ1,Eindhoven,REHV,802,Klaas,804,Bertha,2012-05-17,2012-05-19,2012-06-07,12,404,Volle Yoghurt,zuivelartikelen,11.5,138
1066,13,Heiden. van der,5701HT21,Helmond,RHMD,803,Gerda,801,Herman,2012-05-18,2012-05-24,2012-06-09,6,410,Soja Vanillevla Biologisch,biologische artikelen,21,126
1067,16,Velzenmaker,5625BT24,Eindhoven,REHV,802,Klaas,803,Gerda,2012-05-21,2012-05-28,2012-06-03,6,401,Kaviaar,luxe artikelen van de traitteur,23.65,141.9
1068,12,Rademakers,5625BT24,Eindhoven,REHV,802,Klaas,804,Bertha,2012-05-23,2012-05-26,2012-06-22,22,401,Kaviaar,luxe artikelen van de traitteur,23.65,520.3
1069,12,Rademakers,5625BT24,Eindhoven,REHV,802,Klaas,803,Gerda,2012-05-28,2012-06-04,2012-07-02,18,410,Soja Vanillevla Biologisch,biologische artikelen,21,378
1070,18,Bocht,5798ZK177,Laarbeek,RHMD,803,Gerda,802,Klaas,2012-06-01,2012-06-03,2012-06-14,15,406,Sojamelk Naturel Biologisch,biologische artikelen,7.5,112.5
1071,13,Heiden. van der,5701HT21,Helmond,RHMD,803,Gerda,803,Gerda,2012-06-02,2012-06-07,2012-06-19,9,401,Kaviaar,luxe artikelen van de traitteur,23.65,212.85
1072,12,Rademakers,5625BT24,Eindhoven,REHV,802,Klaas,804,Bertha,2012-06-05,2012-06-06,2012-06-19,10,406,Sojamelk Naturel Biologisch,biologische artikelen,7.5,75
1073,17,Jansen,5701TT17,Helmond,RHMD,803,Gerda,803,Gerda,2012-06-06,2012-06-08,2012-06-13,26,405,Magere Kwark,zuivelartikelen,8.95,232.7
1074,17,Jansen,5701TT17,Helmond,RHMD,803,Gerda,801,Herman,2012-06-09,2012-06-16,2012-06-26,6,404,Volle Yoghurt,zuivelartikelen,11.5,69
1074,17,Jansen,5701TT17,Helmond,RHMD,803,Gerda,801,Herman,2012-06-09,2012-06-16,2012-06-26,21,405,Magere Kwark,zuivelartikelen,8.95,187.95
1074,17,Jansen,5701TT17,Helmond,RHMD,803,Gerda,801,Herman,2012-06-09,2012-06-16,2012-06-26,13,407,Zwezerik,luxe artikelen van de traitteur,14.25,185.25
1075,20,Bakermans,5631PK10,Waalre,REHV,802,Klaas,803,Gerda,2012-06-12,2012-06-13,2012-07-03,7,409,Vruchtenyoghurt Mango,zuivelartikelen,16.25,113.75
1076,14,Kraymans,5472ZK103,Erp,GVGH,806,Karel,801,Herman,2012-06-13,2012-06-20,2012-07-11,12,408,Soja Chocolademelk Biologisch,biologische artikelen,17.88,214.56
1077,15,Boer. de,5463ZK1003,Veghel,GVGH,806,Karel,803,Gerda,2012-06-13,2012-06-15,2012-06-25,15,411,Sojamelk Gezoet Biologisch,biologische artikelen,19.95,299.25
1078,20,Bakermans,5631PK10,Waalre,REHV,802,Klaas,803,Gerda,2012-06-15,2012-06-19,2012-07-04,15,403,Vruchtenyoghurt Aardbei,zuivelartikelen,16.25,243.75
1079,19,Zuur,5463KK103,Veghel,GVGH,806,Karel,802,Klaas,2012-06-17,2012-06-23,2012-07-13,11,406,Sojamelk Naturel Biologisch,biologische artikelen,7.5,82.5
1080,14,Kraymans,5472ZK103,Erp,GVGH,806,Karel,801,Herman,2012-06-22,2012-06-27,2012-07-05,22,405,Magere Kwark,zuivelartikelen,8.95,196.9
1081,14,Kraymans,5472ZK103,Erp,GVGH,806,Karel,803,Gerda,2012-06-22,2012-06-27,2012-07-21,5,405,Magere Kwark,zuivelartikelen,8.95,44.75
1082,20,Bakermans,5631PK10,Waalre,REHV,802,Klaas,802,Klaas,2012-06-22,2012-06-24,2012-07-17,12,409,Vruchtenyoghurt Mango,zuivelartikelen,16.25,195
1083,20,Bakermans,5631PK10,Waalre,REHV,802,Klaas,802,Klaas,2012-06-23,2012-06-25,2012-07-03,7,401,Kaviaar,luxe artikelen van de traitteur,23.65,165.55
1083,20,Bakermans,5631PK10,Waalre,REHV,802,Klaas,802,Klaas,2012-06-23,2012-06-25,2012-07-03,6,402,Ganzenlever,luxe artikelen van de traitteur,83.6,501.6
1083,20,Bakermans,5631PK10,Waalre,REHV,802,Klaas,802,Klaas,2012-06-23,2012-06-25,2012-07-03,23,404,Volle Yoghurt,zuivelartikelen,11.5,264.5
1084,18,Bocht,5798ZK177,Laarbeek,RHMD,803,Gerda,804,Bertha,2012-06-27,2012-07-04,2012-07-14,19,404,Volle Yoghurt,zuivelartikelen,11.5,218.5
1085,15,Boer. de,5463ZK1003,Veghel,GVGH,806,Karel,804,Bertha,2012-06-27,2012-07-02,2012-07-06,19,406,Sojamelk Naturel Biologisch,biologische artikelen,7.5,142.5
1086,16,Velzenmaker,5625BT24,Eindhoven,REHV,802,Klaas,803,Gerda,2012-07-01,2012-07-04,2012-07-16,6,411,Sojamelk Gezoet Biologisch,biologische artikelen,19.95,119.7
1087,16,Velzenmaker,5625BT24,Eindhoven,REHV,802,Klaas,802,Klaas,2012-07-04,2012-07-10,2012-08-01,21,404,Volle Yoghurt,zuivelartikelen,11.5,241.5
1088,14,Kraymans,5472ZK103,Erp,GVGH,806,Karel,803,Gerda,2012-07-06,2012-07-09,2012-07-15,12,403,Vruchtenyoghurt Aardbei,zuivelartikelen,16.25,195
1089,16,Velzenmaker,5625BT24,Eindhoven,REHV,802,Klaas,802,Klaas,2012-07-12,2012-07-15,2012-07-20,11,403,Vruchtenyoghurt Aardbei,zuivelartikelen,16.25,178.75
1090,20,Bakermans,5631PK10,Waalre,REHV,802,Klaas,803,Gerda,2012-07-12,2012-07-15,2012-08-12,22,407,Zwezerik,luxe artikelen van de traitteur,14.25,313.5
1091,14,Kraymans,5472ZK103,Erp,GVGH,806,Karel,804,Bertha,2012-07-14,2012-07-17,2012-08-12,7,411,Sojamelk Gezoet Biologisch,biologische artikelen,19.95,139.65
1092,16,Velzenmaker,5625BT24,Eindhoven,REHV,802,Klaas,804,Bertha,2012-07-21,2012-07-26,2012-08-06,7,410,Soja Vanillevla Biologisch,biologische artikelen,21,147
1093,19,Zuur,5463KK103,Veghel,GVGH,806,Karel,806,Karel,2012-07-23,2012-07-30,2012-08-23,15,402,Ganzenlever,luxe artikelen van de traitteur,83.6,1254
1094,16,Velzenmaker,5625BT24,Eindhoven,REHV,802,Klaas,805,Harrie,2012-07-26,2012-07-27,2012-08-02,21,405,Magere Kwark,zuivelartikelen,8.95,187.95
1095,16,Velzenmaker,5625BT24,Eindhoven,REHV,802,Klaas,803,Gerda,2012-07-26,2012-07-30,2012-08-04,5,409,Vruchtenyoghurt Mango,zuivelartikelen,16.25,81.25
1096,11,Jansen,5645KZ1,Eindhoven,REHV,802,Klaas,803,Gerda,2012-07-26,2012-07-30,2012-08-23,24,404,Volle Yoghurt,zuivelartikelen,11.5,276
1097,17,Jansen,5701TT17,Helmond,RHMD,803,Gerda,806,Karel,2012-08-01,2012-08-04,2012-08-31,12,410,Soja Vanillevla Biologisch,biologische artikelen,21,252
1098,11,Jansen,5645KZ1,Eindhoven,REHV,802,Klaas,806,Karel,2012-08-03,2012-08-10,2012-08-25,19,404,Volle Yoghurt,zuivelartikelen,11.5,218.5
1099,20,Bakermans,5631PK10,Waalre,REHV,802,Klaas,805,Harrie,2012-08-04,2012-08-10,2012-08-31,23,401,Kaviaar,luxe artikelen van de traitteur,23.65,543.95
1099,20,Bakermans,5631PK10,Waalre,REHV,802,Klaas,805,Harrie,2012-08-04,2012-08-10,2012-08-31,9,406,Sojamelk Naturel Biologisch,biologische artikelen,7.5,67.5
1099,20,Bakermans,5631PK10,Waalre,REHV,802,Klaas,805,Harrie,2012-08-04,2012-08-10,2012-08-31,21,411,Sojamelk Gezoet Biologisch,biologische artikelen,19.95,418.95
1100,12,Rademakers,5625BT24,Eindhoven,REHV,802,Klaas,803,Gerda,2012-08-06,2012-08-10,2012-09-13,13,405,Magere Kwark,zuivelartikelen,8.95,116.35
1101,13,Heiden. van der,5701HT21,Helmond,RHMD,803,Gerda,806,Karel,2012-08-11,2012-08-17,2012-09-04,19,406,Sojamelk Naturel Biologisch,biologische artikelen,7.5,142.5
1102,18,Bocht,5798ZK177,Laarbeek,RHMD,803,Gerda,801,Herman,2012-08-13,2012-08-16,2012-09-05,30,403,Vruchtenyoghurt Aardbei,zuivelartikelen,16.25,487.5
1103,19,Zuur,5463KK103,Veghel,GVGH,806,Karel,801,Herman,2012-08-17,2012-08-19,2012-09-13,21,408,Soja Chocolademelk Biologisch,biologische artikelen,17.88,375.48
1103,19,Zuur,5463KK103,Veghel,GVGH,806,Karel,801,Herman,2012-08-17,2012-08-19,2012-09-13,9,410,Soja Vanillevla Biologisch,biologische artikelen,21,189
1104,20,Bakermans,5631PK10,Waalre,REHV,802,Klaas,802,Klaas,2012-08-18,2012-08-19,2012-08-23,11,406,Sojamelk Naturel Biologisch,biologische artikelen,7.5,82.5
1105,11,Jansen,5645KZ1,Eindhoven,REHV,802,Klaas,801,Herman,2012-08-20,2012-08-25,2012-09-24,20,410,Soja Vanillevla Biologisch,biologische artikelen,21,420
1106,15,Boer. de,5463ZK1003,Veghel,GVGH,806,Karel,802,Klaas,2012-08-26,2012-08-30,2012-09-19,11,407,Zwezerik,luxe artikelen van de traitteur,14.25,156.75
1107,18,Bocht,5798ZK177,Laarbeek,RHMD,803,Gerda,806,Karel,2012-09-21,2012-09-25,2012-09-30,11,402,Ganzenlever,luxe artikelen van de traitteur,83.6,919.6
1107,18,Bocht,5798ZK177,Laarbeek,RHMD,803,Gerda,806,Karel,2012-09-21,2012-09-25,2012-09-30,20,403,Vruchtenyoghurt Aardbei,zuivelartikelen,16.25,325
1108,19,Zuur,5463KK103,Veghel,GVGH,806,Karel,804,Bertha,2012-09-24,2012-10-01,2012-10-07,17,407,Zwezerik,luxe artikelen van de traitteur,14.25,242.25
1109,16,Velzenmaker,5625BT24,Eindhoven,REHV,802,Klaas,803,Gerda,2012-09-24,2012-09-26,2012-10-14,9,402,Ganzenlever,luxe artikelen van de traitteur,83.6,752.4
1109,16,Velzenmaker,5625BT24,Eindhoven,REHV,802,Klaas,803,Gerda,2012-09-24,2012-09-26,2012-10-14,17,404,Volle Yoghurt,zuivelartikelen,11.5,195.5
1109,16,Velzenmaker,5625BT24,Eindhoven,REHV,802,Klaas,803,Gerda,2012-09-24,2012-09-26,2012-10-14,22,406,Sojamelk Naturel Biologisch,biologische artikelen,7.5,165
1110,15,Boer. de,5463ZK1003,Veghel,GVGH,806,Karel,802,Klaas,2012-09-26,2012-10-02,2012-10-23,13,410,Soja Vanillevla Biologisch,biologische artikelen,21,273
1111,17,Jansen,5701TT17,Helmond,RHMD,803,Gerda,805,Harrie,2012-09-28,2012-10-03,2012-10-14,18,403,Vruchtenyoghurt Aardbei,zuivelartikelen,16.25,292.5
1112,16,Velzenmaker,5625BT24,Eindhoven,REHV,802,Klaas,806,Karel,2012-10-01,2012-10-05,2012-10-13,14,408,Soja Chocolademelk Biologisch,biologische artikelen,17.88,250.32
1113,19,Zuur,5463KK103,Veghel,GVGH,806,Karel,805,Harrie,2012-10-04,2012-10-11,2012-10-22,13,403,Vruchtenyoghurt Aardbei,zuivelartikelen,16.25,211.25
1114,18,Bocht,5798ZK177,Laarbeek,RHMD,803,Gerda,802,Klaas,2012-10-05,2012-10-06,2012-10-20,9,405,Magere Kwark,zuivelartikelen,8.95,80.55
1115,17,Jansen,5701TT17,Helmond,RHMD,803,Gerda,803,Gerda,2012-10-05,2012-10-10,2012-11-01,21,401,Kaviaar,luxe artikelen van de traitteur,23.65,496.65
1115,17,Jansen,5701TT17,Helmond,RHMD,803,Gerda,803,Gerda,2012-10-05,2012-10-10,2012-11-01,22,406,Sojamelk Naturel Biologisch,biologische artikelen,7.5,165
1115,17,Jansen,5701TT17,Helmond,RHMD,803,Gerda,803,Gerda,2012-10-05,2012-10-10,2012-11-01,13,407,Zwezerik,luxe artikelen van de traitteur,14.25,185.25
1116,18,Bocht,5798ZK177,Laarbeek,RHMD,803,Gerda,802,Klaas,2012-10-06,2012-10-08,2012-10-14,6,405,Magere Kwark,zuivelartikelen,8.95,53.7
1117,17,Jansen,5701TT17,Helmond,RHMD,803,Gerda,805,Harrie,2012-10-08,2012-10-10,2012-10-12,5,404,Volle Yoghurt,zuivelartikelen,11.5,57.5
1118,12,Rademakers,5625BT24,Eindhoven,REHV,802,Klaas,805,Harrie,2012-10-09,2012-10-12,2012-11-07,19,410,Soja Vanillevla Biologisch,biologische artikelen,21,399
1119,13,Heiden. van der,5701HT21,Helmond,RHMD,803,Gerda,805,Harrie,2012-10-11,2012-10-15,2012-11-09,6,404,Volle Yoghurt,zuivelartikelen,11.5,69
1120,17,Jansen,5701TT17,Helmond,RHMD,803,Gerda,804,Bertha,2012-10-12,2012-10-18,2012-11-23,8,401,Kaviaar,luxe artikelen van de traitteur,23.65,189.2
1121,18,Bocht,5798ZK177,Laarbeek,RHMD,803,Gerda,804,Bertha,2012-10-15,2012-10-17,2012-11-14,23,401,Kaviaar,luxe artikelen van de traitteur,23.65,543.95
1122,13,Heiden. van der,5701HT21,Helmond,RHMD,803,Gerda,802,Klaas,2012-10-17,2012-10-20,2012-11-13,10,407,Zwezerik,luxe artikelen van de traitteur,14.25,142.5
1123,13,Heiden. van der,5701HT21,Helmond,RHMD,803,Gerda,803,Gerda,2012-10-18,2012-10-20,2012-11-13,13,401,Kaviaar,luxe artikelen van de traitteur,23.65,307.45
1123,13,Heiden. van der,5701HT21,Helmond,RHMD,803,Gerda,803,Gerda,2012-10-18,2012-10-20,2012-11-13,10,409,Vruchtenyoghurt Mango,zuivelartikelen,16.25,162.5
1124,11,Jansen,5645KZ1,Eindhoven,REHV,802,Klaas,802,Klaas,2012-10-21,2012-10-28,2012-11-04,23,409,Vruchtenyoghurt Mango,zuivelartikelen,16.25,373.75
1125,17,Jansen,5701TT17,Helmond,RHMD,803,Gerda,802,Klaas,2012-10-23,2012-10-25,2012-11-06,23,405,Magere Kwark,zuivelartikelen,8.95,205.85
1126,14,Kraymans,5472ZK103,Erp,GVGH,806,Karel,803,Gerda,2012-10-23,2012-10-30,2012-11-08,23,406,Sojamelk Naturel Biologisch,biologische artikelen,7.5,172.5
1127,11,Jansen,5645KZ1,Eindhoven,REHV,802,Klaas,804,Bertha,2012-10-23,2012-10-26,2012-11-13,19,402,Ganzenlever,luxe artikelen van de traitteur,83.6,1588.4
1128,12,Rademakers,5625BT24,Eindhoven,REHV,802,Klaas,803,Gerda,2012-10-27,2012-11-01,2012-11-10,23,410,Soja Vanillevla Biologisch,biologische artikelen,21,483
1129,20,Bakermans,5631PK10,Waalre,REHV,802,Klaas,804,Bertha,2012-10-31,2012-11-05,2012-11-22,10,405,Magere Kwark,zuivelartikelen,8.95,89.5
1130,18,Bocht,5798ZK177,Laarbeek,RHMD,803,Gerda,805,Harrie,2012-11-01,2012-11-07,2012-12-04,15,405,Magere Kwark,zuivelartikelen,8.95,134.25
1130,18,Bocht,5798ZK177,Laarbeek,RHMD,803,Gerda,805,Harrie,2012-11-01,2012-11-07,2012-12-04,15,408,Soja Chocolademelk Biologisch,biologische artikelen,17.88,268.2
1130,18,Bocht,5798ZK177,Laarbeek,RHMD,803,Gerda,805,Harrie,2012-11-01,2012-11-07,2012-12-04,5,409,Vruchtenyoghurt Mango,zuivelartikelen,16.25,81.25
1130,18,Bocht,5798ZK177,Laarbeek,RHMD,803,Gerda,805,Harrie,2012-11-01,2012-11-07,2012-12-04,2,410,Soja Vanillevla Biologisch,biologische artikelen,21,42
1131,12,Rademakers,5625BT24,Eindhoven,REHV,802,Klaas,801,Herman,2012-11-02,2012-11-03,2012-11-07,5,409,Vruchtenyoghurt Mango,zuivelartikelen,16.25,81.25
1132,20,Bakermans,5631PK10,Waalre,REHV,802,Klaas,801,Herman,2012-11-08,2012-11-11,2012-11-16,22,411,Sojamelk Gezoet Biologisch,biologische artikelen,19.95,438.9
1133,19,Zuur,5463KK103,Veghel,GVGH,806,Karel,806,Karel,2012-11-08,2012-11-14,2012-12-02,15,404,Volle Yoghurt,zuivelartikelen,11.5,172.5
1134,17,Jansen,5701TT17,Helmond,RHMD,803,Gerda,802,Klaas,2012-11-10,2012-11-15,2012-11-29,6,409,Vruchtenyoghurt Mango,zuivelartikelen,16.25,97.5
1135,20,Bakermans,5631PK10,Waalre,REHV,802,Klaas,806,Karel,2012-11-11,2012-11-17,2012-11-28,23,404,Volle Yoghurt,zuivelartikelen,11.5,264.5
1136,13,Heiden. van der,5701HT21,Helmond,RHMD,803,Gerda,801,Herman,2012-11-13,2012-11-16,2012-12-16,5,407,Zwezerik,luxe artikelen van de traitteur,14.25,71.25
1137,16,Velzenmaker,5625BT24,Eindhoven,REHV,802,Klaas,802,Klaas,2012-11-14,2012-11-15,2012-11-23,6,402,Ganzenlever,luxe artikelen van de traitteur,83.6,501.6
1138,13,Heiden. van der,5701HT21,Helmond,RHMD,803,Gerda,806,Karel,2012-11-17,2012-11-22,2012-12-02,2,403,Vruchtenyoghurt Aardbei,zuivelartikelen,16.25,32.5
1138,13,Heiden. van der,5701HT21,Helmond,RHMD,803,Gerda,806,Karel,2012-11-17,2012-11-22,2012-12-02,12,410,Soja Vanillevla Biologisch,biologische artikelen,21,252
1139,19,Zuur,5463KK103,Veghel,GVGH,806,Karel,803,Gerda,2012-11-17,2012-11-24,2012-12-17,22,410,Soja Vanillevla Biologisch,biologische artikelen,21,462
1140,13,Heiden. van der,5701HT21,Helmond,RHMD,803,Gerda,806,Karel,2012-11-19,2012-11-23,2012-11-27,19,405,Magere Kwark,zuivelartikelen,8.95,170.05
1141,14,Kraymans,5472ZK103,Erp,GVGH,806,Karel,801,Herman,2012-11-19,2012-11-23,2012-12-19,21,403,Vruchtenyoghurt Aardbei,zuivelartikelen,16.25,341.25
1142,11,Jansen,5645KZ1,Eindhoven,REHV,802,Klaas,802,Klaas,2012-11-24,2012-11-28,2012-12-14,6,403,Vruchtenyoghurt Aardbei,zuivelartikelen,16.25,97.5
1143,15,Boer. de,5463ZK1003,Veghel,GVGH,806,Karel,806,Karel,2012-11-24,2012-12-01,2012-12-27,12,407,Zwezerik,luxe artikelen van de traitteur,14.25,171
1144,15,Boer. de,5463ZK1003,Veghel,GVGH,806,Karel,802,Klaas,2012-11-27,2012-11-29,2012-12-08,10,406,Sojamelk Naturel Biologisch,biologische artikelen,7.5,75
1145,14,Kraymans,5472ZK103,Erp,GVGH,806,Karel,802,Klaas,2012-11-28,2012-11-30,2012-12-08,13,405,Magere Kwark,zuivelartikelen,8.95,116.35
1146,14,Kraymans,5472ZK103,Erp,GVGH,806,Karel,804,Bertha,2012-11-30,2012-12-04,2012-12-23,8,402,Ganzenlever,luxe artikelen van de traitteur,83.6,668.8
1146,14,Kraymans,5472ZK103,Erp,GVGH,806,Karel,804,Bertha,2012-11-30,2012-12-04,2012-12-23,14,403,Vruchtenyoghurt Aardbei,zuivelartikelen,16.25,227.5
1146,14,Kraymans,5472ZK103,Erp,GVGH,806,Karel,804,Bertha,2012-11-30,2012-12-04,2012-12-23,15,406,Sojamelk Naturel Biologisch,biologische artikelen,7.5,112.5
1147,13,Heiden. van der,5701HT21,Helmond,RHMD,803,Gerda,804,Bertha,2012-12-03,2012-12-06,2012-12-14,8,409,Vruchtenyoghurt Mango,zuivelartikelen,16.25,130
1148,19,Zuur,5463KK103,Veghel,GVGH,806,Karel,801,Herman,2012-12-04,2012-12-06,2012-12-25,2,405,Magere Kwark,zuivelartikelen,8.95,17.9
1149,18,Bocht,5798ZK177,Laarbeek,RHMD,803,Gerda,806,Karel,2012-12-08,2012-12-14,2012-12-21,7,409,Vruchtenyoghurt Mango,zuivelartikelen,16.25,113.75
1150,14,Kraymans,5472ZK103,Erp,GVGH,806,Karel,806,Karel,2012-12-08,2012-12-10,2012-12-31,6,403,Vruchtenyoghurt Aardbei,zuivelartikelen,16.25,97.5
1151,19,Zuur,5463KK103,Veghel,GVGH,806,Karel,805,Harrie,2012-12-09,2012-12-16,2012-12-26,12,402,Ganzenlever,luxe artikelen van de traitteur,83.6,1003.2
1152,11,Jansen,5645KZ1,Eindhoven,REHV,802,Klaas,803,Gerda,2012-12-15,2012-12-19,2013-01-17,6,404,Volle Yoghurt,zuivelartikelen,11.5,69
1153,18,Bocht,5798ZK177,Laarbeek,RHMD,803,Gerda,806,Karel,2012-12-15,2012-12-16,2012-12-29,19,407,Zwezerik,luxe artikelen van de traitteur,14.25,270.75
1154,13,Heiden. van der,5701HT21,Helmond,RHMD,803,Gerda,806,Karel,2012-12-15,2012-12-18,2013-01-16,17,407,Zwezerik,luxe artikelen van de traitteur,14.25,242.25
1155,14,Kraymans,5472ZK103,Erp,GVGH,806,Karel,806,Karel,2012-12-17,2012-12-21,2013-01-10,7,406,Sojamelk Naturel Biologisch,biologische artikelen,7.5,52.5
1156,18,Bocht,5798ZK177,Laarbeek,RHMD,803,Gerda,806,Karel,2012-12-17,2012-12-19,2012-12-25,21,405,Magere Kwark,zuivelartikelen,8.95,187.95
1157,15,Boer. de,5463ZK1003,Veghel,GVGH,806,Karel,801,Herman,2012-12-18,2012-12-25,2013-01-18,13,402,Ganzenlever,luxe artikelen van de traitteur,83.6,1086.8
1158,15,Boer. de,5463ZK1003,Veghel,GVGH,806,Karel,803,Gerda,2012-12-19,2012-12-25,2013-01-12,7,411,Sojamelk Gezoet Biologisch,biologische artikelen,19.95,139.65
1159,17,Jansen,5701TT17,Helmond,RHMD,803,Gerda,806,Karel,2012-12-20,2012-12-24,2012-12-31,5,405,Magere Kwark,zuivelartikelen,8.95,44.75
1160,14,Kraymans,5472ZK103,Erp,GVGH,806,Karel,804,Bertha,2012-12-23,2012-12-27,2013-01-03,5,410,Soja Vanillevla Biologisch,biologische artikelen,21,105
1161,19,Zuur,5463KK103,Veghel,GVGH,806,Karel,803,Gerda,2012-12-25,2012-12-31,2013-01-18,18,404,Volle Yoghurt,zuivelartikelen,11.5,207
1162,16,Velzenmaker,5625BT24,Eindhoven,REHV,802,Klaas,805,Harrie,2012-12-31,2013-01-05,2013-01-10,17,401,Kaviaar,luxe artikelen van de traitteur,23.65,402.05
1163,12,Rademakers,5625BT24,Eindhoven,REHV,802,Klaas,801,Herman,2013-01-03,2013-01-04,2013-01-22,23,411,Sojamelk Gezoet Biologisch,biologische artikelen,19.95,458.85
1164,20,Bakermans,5631PK10,Waalre,REHV,802,Klaas,805,Harrie,2013-01-04,2013-01-09,2013-02-21,21,411,Sojamelk Gezoet Biologisch,biologische artikelen,19.95,418.95
1165,11,Jansen,5645KZ1,Eindhoven,REHV,802,Klaas,801,Herman,2013-01-04,2013-01-08,2013-01-19,18,408,Soja Chocolademelk Biologisch,biologische artikelen,16.95,305.1
1166,19,Zuur,5463KK103,Veghel,GVGH,806,Karel,801,Herman,2013-01-06,2013-01-08,2013-01-25,15,401,Kaviaar,luxe artikelen van de traitteur,23.65,354.75
1167,16,Velzenmaker,5625BT24,Eindhoven,REHV,802,Klaas,805,Harrie,2013-01-08,2013-01-13,2013-02-05,18,410,Soja Vanillevla Biologisch,biologische artikelen,21,378
1168,13,Heiden. van der,5701HT21,Helmond,RHMD,803,Gerda,804,Bertha,2013-01-12,2013-01-16,2013-02-13,5,406,Sojamelk Naturel Biologisch,biologische artikelen,7.5,37.5
1169,14,Kraymans,5472ZK103,Erp,GVGH,806,Karel,802,Klaas,2013-01-17,2013-01-22,2013-02-08,2,411,Sojamelk Gezoet Biologisch,biologische artikelen,19.95,39.9
1170,19,Zuur,5463KK103,Veghel,GVGH,806,Karel,802,Klaas,2013-01-20,2013-01-22,2013-02-07,17,404,Volle Yoghurt,zuivelartikelen,11.5,195.5
1171,15,Boer. de,5463ZK1003,Veghel,GVGH,806,Karel,804,Bertha,2013-01-20,2013-01-24,2013-02-21,18,404,Volle Yoghurt,zuivelartikelen,11.5,207
1172,17,Jansen,5701TT17,Helmond,RHMD,803,Gerda,805,Harrie,2013-01-21,2013-01-23,2013-02-11,15,402,Ganzenlever,luxe artikelen van de traitteur,44,660
1173,14,Kraymans,5472ZK103,Erp,GVGH,806,Karel,806,Karel,2013-01-21,2013-01-23,2013-01-30,11,406,Sojamelk Naturel Biologisch,biologische artikelen,7.5,82.5
1174,12,Rademakers,5625BT24,Eindhoven,REHV,802,Klaas,804,Bertha,2013-01-22,2013-01-23,2013-01-28,12,406,Sojamelk Naturel Biologisch,biologische artikelen,7.5,90
1175,14,Kraymans,5472ZK103,Erp,GVGH,806,Karel,801,Herman,2013-01-28,2013-02-02,2013-02-11,18,406,Sojamelk Naturel Biologisch,biologische artikelen,7.5,135
1176,15,Boer. de,5463ZK1003,Veghel,GVGH,806,Karel,806,Karel,2013-01-28,2013-02-01,2013-03-03,20,405,Magere Kwark,zuivelartikelen,8.95,179
1177,12,Rademakers,5625BT24,Eindhoven,REHV,802,Klaas,805,Harrie,2013-02-02,2013-02-04,2013-02-14,24,405,Magere Kwark,zuivelartikelen,8.95,214.8
1177,12,Rademakers,5625BT24,Eindhoven,REHV,802,Klaas,805,Harrie,2013-02-02,2013-02-04,2013-02-14,9,408,Soja Chocolademelk Biologisch,biologische artikelen,16.95,152.55
1177,12,Rademakers,5625BT24,Eindhoven,REHV,802,Klaas,805,Harrie,2013-02-02,2013-02-04,2013-02-14,7,410,Soja Vanillevla Biologisch,biologische artikelen,21,147
1177,12,Rademakers,5625BT24,Eindhoven,REHV,802,Klaas,805,Harrie,2013-02-02,2013-02-04,2013-02-14,16,411,Sojamelk Gezoet Biologisch,biologische artikelen,19.95,319.2
1178,11,Jansen,5645KZ1,Eindhoven,REHV,802,Klaas,803,Gerda,2013-02-04,2013-02-10,2013-02-22,7,405,Magere Kwark,zuivelartikelen,8.95,62.65
1179,12,Rademakers,5625BT24,Eindhoven,REHV,802,Klaas,803,Gerda,2013-02-07,2013-02-13,2013-02-28,7,401,Kaviaar,luxe artikelen van de traitteur,23.65,165.55
1180,14,Kraymans,5472ZK103,Erp,GVGH,806,Karel,806,Karel,2013-02-09,2013-02-12,2013-02-17,16,408,Soja Chocolademelk Biologisch,biologische artikelen,16.95,271.2
1181,18,Bocht,5798ZK177,Laarbeek,RHMD,803,Gerda,802,Klaas,2013-02-14,2013-02-17,2013-03-02,14,402,Ganzenlever,luxe artikelen van de traitteur,44,616
1181,18,Bocht,5798ZK177,Laarbeek,RHMD,803,Gerda,802,Klaas,2013-02-14,2013-02-17,2013-03-02,10,411,Sojamelk Gezoet Biologisch,biologische artikelen,19.95,199.5
1182,14,Kraymans,5472ZK103,Erp,GVGH,806,Karel,801,Herman,2013-02-23,2013-03-01,2013-03-05,5,408,Soja Chocolademelk Biologisch,biologische artikelen,16.95,84.75
1183,14,Kraymans,5472ZK103,Erp,GVGH,806,Karel,801,Herman,2013-02-24,2013-02-25,2013-03-20,2,407,Zwezerik,luxe artikelen van de traitteur,14.25,28.5
1184,11,Jansen,5645KZ1,Eindhoven,REHV,802,Klaas,805,Harrie,2013-02-24,2013-02-28,2013-03-22,14,410,Soja Vanillevla Biologisch,biologische artikelen,21,294
1185,18,Bocht,5798ZK177,Laarbeek,RHMD,803,Gerda,806,Karel,2013-02-25,2013-03-03,2013-03-22,15,403,Vruchtenyoghurt Aardbei,zuivelartikelen,16.25,243.75
1186,20,Bakermans,5631PK10,Waalre,REHV,802,Klaas,803,Gerda,2013-02-27,2013-03-03,2013-03-17,15,408,Soja Chocolademelk Biologisch,biologische artikelen,16.95,254.25
1187,11,Jansen,5645KZ1,Eindhoven,REHV,802,Klaas,802,Klaas,2013-03-19,2013-03-23,2013-05-08,7,410,Soja Vanillevla Biologisch,biologische artikelen,21,147
1187,11,Jansen,5645KZ1,Eindhoven,REHV,802,Klaas,802,Klaas,2013-03-19,2013-03-23,2013-05-08,7,410,Soja Vanillevla Biologisch,biologische artikelen,22.5,157.5
1188,16,Velzenmaker,5625BT24,Eindhoven,REHV,802,Klaas,804,Bertha,2013-03-20,2013-03-23,2013-03-29,7,405,Magere Kwark,zuivelartikelen,8.95,62.65
1189,13,Heiden. van der,5701HT21,Helmond,RHMD,803,Gerda,801,Herman,2013-03-24,2013-03-28,2013-04-23,18,404,Volle Yoghurt,zuivelartikelen,11.5,207
1190,15,Boer. de,5463ZK1003,Veghel,GVGH,806,Karel,801,Herman,2013-03-28,2013-03-31,2013-04-13,6,408,Soja Chocolademelk Biologisch,biologische artikelen,16.95,101.7
1191,13,Heiden. van der,5701HT21,Helmond,RHMD,803,Gerda,803,Gerda,2013-03-29,2013-04-02,2013-04-13,12,409,Vruchtenyoghurt Mango,zuivelartikelen,16.25,195
1192,12,Rademakers,5625BT24,Eindhoven,REHV,802,Klaas,801,Herman,2013-03-29,2013-04-01,2013-04-11,9,401,Kaviaar,luxe artikelen van de traitteur,23.65,212.85
1193,15,Boer. de,5463ZK1003,Veghel,GVGH,806,Karel,804,Bertha,2013-03-31,2013-04-01,2013-05-01,23,401,Kaviaar,luxe artikelen van de traitteur,23.65,543.95
1194,11,Jansen,5645KZ1,Eindhoven,REHV,802,Klaas,804,Bertha,2013-04-01,2013-04-07,2013-04-16,20,404,Volle Yoghurt,zuivelartikelen,11.5,230
1195,13,Heiden. van der,5701HT21,Helmond,RHMD,803,Gerda,806,Karel,2013-04-02,2013-04-06,2013-04-23,21,406,Sojamelk Naturel Biologisch,biologische artikelen,8.25,173.25
1196,13,Heiden. van der,5701HT21,Helmond,RHMD,803,Gerda,806,Karel,2013-04-17,2013-04-19,2013-05-13,11,402,Ganzenlever,luxe artikelen van de traitteur,44,484
1197,16,Velzenmaker,5625BT24,Eindhoven,REHV,802,Klaas,805,Harrie,2013-04-18,2013-04-25,2013-05-09,5,402,Ganzenlever,luxe artikelen van de traitteur,44,220
1198,14,Kraymans,5472ZK103,Erp,GVGH,806,Karel,801,Herman,2013-04-18,2013-04-24,2013-05-07,8,401,Kaviaar,luxe artikelen van de traitteur,23.65,189.2
1198,14,Kraymans,5472ZK103,Erp,GVGH,806,Karel,801,Herman,2013-04-18,2013-04-24,2013-05-07,13,404,Volle Yoghurt,zuivelartikelen,11.5,149.5
1198,14,Kraymans,5472ZK103,Erp,GVGH,806,Karel,801,Herman,2013-04-18,2013-04-24,2013-05-07,13,406,Sojamelk Naturel Biologisch,biologische artikelen,8.25,107.25
1198,14,Kraymans,5472ZK103,Erp,GVGH,806,Karel,801,Herman,2013-04-18,2013-04-24,2013-05-07,13,407,Zwezerik,luxe artikelen van de traitteur,14.25,185.25
1198,14,Kraymans,5472ZK103,Erp,GVGH,806,Karel,801,Herman,2013-04-18,2013-04-24,2013-05-07,12,408,Soja Chocolademelk Biologisch,biologische artikelen,16.95,203.4
1199,17,Jansen,5701TT17,Helmond,RHMD,803,Gerda,801,Herman,2013-04-19,2013-04-21,2013-04-25,17,402,Ganzenlever,luxe artikelen van de traitteur,44,748
1200,19,Zuur,5463KK103,Veghel,GVGH,806,Karel,805,Harrie,2013-04-22,2013-04-28,2013-05-16,8,410,Soja Vanillevla Biologisch,biologische artikelen,22.5,180
1201,12,Rademakers,5625BT24,Eindhoven,REHV,802,Klaas,803,Gerda,2013-04-23,2013-04-25,2013-05-22,20,405,Magere Kwark,zuivelartikelen,8.95,179
1201,12,Rademakers,5625BT24,Eindhoven,REHV,802,Klaas,803,Gerda,2013-04-23,2013-04-25,2013-05-22,15,411,Sojamelk Gezoet Biologisch,biologische artikelen,19.95,299.25
1202,20,Bakermans,5631PK10,Waalre,REHV,802,Klaas,804,Bertha,2013-04-27,2013-04-28,2013-05-24,9,402,Ganzenlever,luxe artikelen van de traitteur,44,396
1203,14,Kraymans,5472ZK103,Erp,GVGH,806,Karel,805,Harrie,2013-04-28,2013-05-03,2013-05-05,19,410,Soja Vanillevla Biologisch,biologische artikelen,22.5,427.5
1204,13,Heiden. van der,5701HT21,Helmond,RHMD,803,Gerda,803,Gerda,2013-05-04,2013-05-09,2013-05-30,23,405,Magere Kwark,zuivelartikelen,8.95,205.85
1205,20,Bakermans,5631PK10,Waalre,REHV,802,Klaas,801,Herman,2013-05-05,2013-05-09,2013-05-14,21,402,Ganzenlever,luxe artikelen van de traitteur,44,924
1206,19,Zuur,5463KK103,Veghel,GVGH,806,Karel,804,Bertha,2013-05-06,2013-05-12,2013-05-20,9,407,Zwezerik,luxe artikelen van de traitteur,14.25,128.25
1207,19,Zuur,5463KK103,Veghel,GVGH,806,Karel,804,Bertha,2013-05-14,2013-05-16,2013-05-20,22,402,Ganzenlever,luxe artikelen van de traitteur,44,968
1208,16,Velzenmaker,5625BT24,Eindhoven,REHV,802,Klaas,802,Klaas,2013-05-15,2013-05-21,2013-06-07,14,409,Vruchtenyoghurt Mango,zuivelartikelen,16.25,227.5
1209,19,Zuur,5463KK103,Veghel,GVGH,806,Karel,805,Harrie,2013-05-19,2013-05-25,2013-06-17,28,406,Sojamelk Naturel Biologisch,biologische artikelen,8.25,231
1210,19,Zuur,5463KK103,Veghel,GVGH,806,Karel,806,Karel,2013-05-21,2013-05-22,2013-05-27,9,408,Soja Chocolademelk Biologisch,biologische artikelen,16.95,152.55
1211,19,Zuur,5463KK103,Veghel,GVGH,806,Karel,804,Bertha,2013-05-23,2013-05-26,2013-06-01,8,411,Sojamelk Gezoet Biologisch,biologische artikelen,19.95,159.6
1212,14,Kraymans,5472ZK103,Erp,GVGH,806,Karel,802,Klaas,2013-05-30,2013-06-01,2013-06-29,8,406,Sojamelk Naturel Biologisch,biologische artikelen,8.25,66
1213,12,Rademakers,5625BT24,Eindhoven,REHV,802,Klaas,806,Karel,2013-05-31,2013-06-01,2013-06-21,19,404,Volle Yoghurt,zuivelartikelen,11.5,218.5
1214,13,Heiden. van der,5701HT21,Helmond,RHMD,803,Gerda,806,Karel,2013-06-01,2013-06-07,2013-06-17,21,410,Soja Vanillevla Biologisch,biologische artikelen,22.5,472.5
1215,11,Jansen,5645KZ1,Eindhoven,REHV,802,Klaas,805,Harrie,2013-06-06,2013-06-10,2013-06-26,10,406,Sojamelk Naturel Biologisch,biologische artikelen,8.25,82.5
1216,17,Jansen,5701TT17,Helmond,RHMD,803,Gerda,803,Gerda,2013-06-07,2013-06-12,2013-06-27,7,407,Zwezerik,luxe artikelen van de traitteur,14.25,99.75
1217,15,Boer. de,5463ZK1003,Veghel,GVGH,806,Karel,801,Herman,2013-06-12,2013-06-19,2013-07-01,18,410,Soja Vanillevla Biologisch,biologische artikelen,22.5,405
1218,12,Rademakers,5625BT24,Eindhoven,REHV,802,Klaas,806,Karel,2013-06-16,2013-06-21,2013-07-16,24,407,Zwezerik,luxe artikelen van de traitteur,14.25,342
1219,19,Zuur,5463KK103,Veghel,GVGH,806,Karel,805,Harrie,2013-06-16,2013-06-19,2013-07-17,24,407,Zwezerik,luxe artikelen van de traitteur,14.25,342
1220,16,Velzenmaker,5625BT24,Eindhoven,REHV,802,Klaas,801,Herman,2013-06-21,2013-06-23,2013-07-08,21,407,Zwezerik,luxe artikelen van de traitteur,14.25,299.25
1221,14,Kraymans,5472ZK103,Erp,GVGH,806,Karel,806,Karel,2013-06-22,2013-06-25,2013-07-10,10,411,Sojamelk Gezoet Biologisch,biologische artikelen,19.95,199.5
1222,13,Heiden. van der,5701HT21,Helmond,RHMD,803,Gerda,805,Harrie,2013-06-23,2013-06-30,2013-07-12,5,403,Vruchtenyoghurt Aardbei,zuivelartikelen,16.25,81.25
1223,19,Zuur,5463KK103,Veghel,GVGH,806,Karel,803,Gerda,2013-06-25,2013-06-26,2013-07-18,18,401,Kaviaar,luxe artikelen van de traitteur,23.65,425.7
1224,13,Heiden. van der,5701HT21,Helmond,RHMD,803,Gerda,805,Harrie,2013-06-25,2013-06-30,2013-07-13,24,401,Kaviaar,luxe artikelen van de traitteur,23.65,567.6
1225,17,Jansen,5701TT17,Helmond,RHMD,803,Gerda,801,Herman,2013-06-26,2013-06-30,2013-07-04,23,401,Kaviaar,luxe artikelen van de traitteur,23.65,543.95
1226,12,Rademakers,5625BT24,Eindhoven,REHV,802,Klaas,805,Harrie,2013-06-26,2013-07-03,2013-07-14,12,407,Zwezerik,luxe artikelen van de traitteur,14.25,171
1227,13,Heiden. van der,5701HT21,Helmond,RHMD,803,Gerda,802,Klaas,2013-06-29,2013-07-04,2013-07-24,23,409,Vruchtenyoghurt Mango,zuivelartikelen,16.25,373.75
1228,13,Heiden. van der,5701HT21,Helmond,RHMD,803,Gerda,801,Herman,2013-07-04,2013-07-11,2013-07-29,9,402,Ganzenlever,luxe artikelen van de traitteur,44,396
1229,14,Kraymans,5472ZK103,Erp,GVGH,806,Karel,803,Gerda,2013-07-06,2013-07-10,2013-08-08,12,403,Vruchtenyoghurt Aardbei,zuivelartikelen,16.25,195
1229,14,Kraymans,5472ZK103,Erp,GVGH,806,Karel,803,Gerda,2013-07-06,2013-07-10,2013-08-08,5,407,Zwezerik,luxe artikelen van de traitteur,14.25,71.25
1230,12,Rademakers,5625BT24,Eindhoven,REHV,802,Klaas,804,Bertha,2013-07-07,2013-07-09,2013-07-28,8,404,Volle Yoghurt,zuivelartikelen,11.5,92
1231,19,Zuur,5463KK103,Veghel,GVGH,806,Karel,802,Klaas,2013-07-09,2013-07-12,2013-07-31,15,406,Sojamelk Naturel Biologisch,biologische artikelen,8.25,123.75
1232,12,Rademakers,5625BT24,Eindhoven,REHV,802,Klaas,802,Klaas,2013-07-11,2013-07-15,2013-08-04,23,411,Sojamelk Gezoet Biologisch,biologische artikelen,19.95,458.85
1233,17,Jansen,5701TT17,Helmond,RHMD,803,Gerda,802,Klaas,2013-07-11,2013-07-15,2013-07-29,19,402,Ganzenlever,luxe artikelen van de traitteur,44,836
1233,17,Jansen,5701TT17,Helmond,RHMD,803,Gerda,802,Klaas,2013-07-11,2013-07-15,2013-07-29,12,404,Volle Yoghurt,zuivelartikelen,11.5,138
1233,17,Jansen,5701TT17,Helmond,RHMD,803,Gerda,802,Klaas,2013-07-11,2013-07-15,2013-07-29,16,405,Magere Kwark,zuivelartikelen,8.95,143.2
1234,19,Zuur,5463KK103,Veghel,GVGH,806,Karel,806,Karel,2013-07-13,2013-07-14,2013-08-04,10,405,Magere Kwark,zuivelartikelen,8.95,89.5
1235,11,Jansen,5645KZ1,Eindhoven,REHV,802,Klaas,802,Klaas,2013-07-13,2013-07-16,2013-08-02,22,401,Kaviaar,luxe artikelen van de traitteur,23.65,520.3
1236,15,Boer. de,5463ZK1003,Veghel,GVGH,806,Karel,804,Bertha,2013-07-13,2013-07-18,2013-08-16,8,404,Volle Yoghurt,zuivelartikelen,11.5,92
1237,11,Jansen,5645KZ1,Eindhoven,REHV,802,Klaas,803,Gerda,2013-07-16,2013-07-18,2013-08-14,23,401,Kaviaar,luxe artikelen van de traitteur,23.65,543.95
1238,18,Bocht,5798ZK177,Laarbeek,RHMD,803,Gerda,806,Karel,2013-07-18,2013-07-21,2013-07-30,7,409,Vruchtenyoghurt Mango,zuivelartikelen,16.25,113.75
1239,17,Jansen,5701TT17,Helmond,RHMD,803,Gerda,801,Herman,2013-07-20,2013-07-27,2013-08-18,17,410,Soja Vanillevla Biologisch,biologische artikelen,22.5,382.5
1240,16,Velzenmaker,5625BT24,Eindhoven,REHV,802,Klaas,803,Gerda,2013-07-24,2013-07-26,2013-08-15,2,403,Vruchtenyoghurt Aardbei,zuivelartikelen,16.25,32.5
1241,16,Velzenmaker,5625BT24,Eindhoven,REHV,802,Klaas,801,Herman,2013-07-25,2013-07-29,2013-08-13,2,408,Soja Chocolademelk Biologisch,biologische artikelen,17.5,35
1242,15,Boer. de,5463ZK1003,Veghel,GVGH,806,Karel,805,Harrie,2013-07-30,2013-08-03,2013-08-09,9,409,Vruchtenyoghurt Mango,zuivelartikelen,16.25,146.25
1243,20,Bakermans,5631PK10,Waalre,REHV,802,Klaas,804,Bertha,2013-08-03,2013-08-05,2013-09-01,21,401,Kaviaar,luxe artikelen van de traitteur,23.65,496.65
1244,20,Bakermans,5631PK10,Waalre,REHV,802,Klaas,802,Klaas,2013-08-05,2013-08-06,2013-08-13,23,410,Soja Vanillevla Biologisch,biologische artikelen,22.5,517.5
1245,18,Bocht,5798ZK177,Laarbeek,RHMD,803,Gerda,805,Harrie,2013-08-07,2013-08-12,2013-09-04,23,402,Ganzenlever,luxe artikelen van de traitteur,44,1012
1246,13,Heiden. van der,5701HT21,Helmond,RHMD,803,Gerda,803,Gerda,2013-08-08,2013-08-13,2013-08-18,22,411,Sojamelk Gezoet Biologisch,biologische artikelen,19.95,438.9
1247,11,Jansen,5645KZ1,Eindhoven,REHV,802,Klaas,802,Klaas,2013-08-08,2013-08-13,2013-08-30,8,406,Sojamelk Naturel Biologisch,biologische artikelen,8.25,66
1248,20,Bakermans,5631PK10,Waalre,REHV,802,Klaas,803,Gerda,2013-08-08,2013-08-11,2013-08-25,10,402,Ganzenlever,luxe artikelen van de traitteur,44,440
1249,17,Jansen,5701TT17,Helmond,RHMD,803,Gerda,803,Gerda,2013-08-11,2013-08-12,2013-09-03,8,408,Soja Chocolademelk Biologisch,biologische artikelen,17.5,140
1250,15,Boer. de,5463ZK1003,Veghel,GVGH,806,Karel,806,Karel,2013-08-14,2013-08-19,2013-08-29,24,403,Vruchtenyoghurt Aardbei,zuivelartikelen,19.25,462
1251,19,Zuur,5463KK103,Veghel,GVGH,806,Karel,806,Karel,2013-08-16,2013-08-20,2013-09-11,6,401,Kaviaar,luxe artikelen van de traitteur,23.65,141.9
1251,19,Zuur,5463KK103,Veghel,GVGH,806,Karel,806,Karel,2013-08-16,2013-08-20,2013-09-11,23,407,Zwezerik,luxe artikelen van de traitteur,14.25,327.75
1252,15,Boer. de,5463ZK1003,Veghel,GVGH,806,Karel,806,Karel,2013-08-25,2013-08-27,2013-09-10,2,402,Ganzenlever,luxe artikelen van de traitteur,44,88
1252,15,Boer. de,5463ZK1003,Veghel,GVGH,806,Karel,806,Karel,2013-08-25,2013-08-27,2013-09-10,15,404,Volle Yoghurt,zuivelartikelen,11.5,172.5
1253,13,Heiden. van der,5701HT21,Helmond,RHMD,803,Gerda,805,Harrie,2013-08-27,2013-09-02,2013-09-28,14,405,Magere Kwark,zuivelartikelen,8.95,125.3
1254,17,Jansen,5701TT17,Helmond,RHMD,803,Gerda,801,Herman,2013-08-30,2013-09-02,2013-09-10,22,403,Vruchtenyoghurt Aardbei,zuivelartikelen,19.25,423.5
1255,19,Zuur,5463KK103,Veghel,GVGH,806,Karel,806,Karel,2013-08-31,2013-09-06,2013-10-01,18,401,Kaviaar,luxe artikelen van de traitteur,23.65,425.7
1256,19,Zuur,5463KK103,Veghel,GVGH,806,Karel,801,Herman,2013-09-03,2013-09-05,2013-09-09,16,401,Kaviaar,luxe artikelen van de traitteur,23.65,378.4
1257,12,Rademakers,5625BT24,Eindhoven,REHV,802,Klaas,804,Bertha,2013-09-05,2013-09-07,2013-10-07,13,405,Magere Kwark,zuivelartikelen,8.95,116.35
1258,18,Bocht,5798ZK177,Laarbeek,RHMD,803,Gerda,805,Harrie,2013-09-08,2013-09-14,2013-10-07,8,405,Magere Kwark,zuivelartikelen,8.95,71.6
1259,14,Kraymans,5472ZK103,Erp,GVGH,806,Karel,801,Herman,2013-09-16,2013-09-17,2013-09-21,15,409,Vruchtenyoghurt Mango,zuivelartikelen,16.25,243.75
1260,20,Bakermans,5631PK10,Waalre,REHV,802,Klaas,802,Klaas,2013-09-16,2013-09-21,2013-10-01,24,411,Sojamelk Gezoet Biologisch,biologische artikelen,19.95,478.8
1261,19,Zuur,5463KK103,Veghel,GVGH,806,Karel,805,Harrie,2013-09-18,2013-09-21,2013-10-08,9,407,Zwezerik,luxe artikelen van de traitteur,14.25,128.25
1262,14,Kraymans,5472ZK103,Erp,GVGH,806,Karel,806,Karel,2013-09-19,2013-09-23,2013-10-14,5,405,Magere Kwark,zuivelartikelen,8.95,44.75
1263,12,Rademakers,5625BT24,Eindhoven,REHV,802,Klaas,804,Bertha,2013-09-19,2013-09-25,2013-10-08,14,403,Vruchtenyoghurt Aardbei,zuivelartikelen,19.25,269.5
1264,11,Jansen,5645KZ1,Eindhoven,REHV,802,Klaas,801,Herman,2013-09-20,2013-09-25,2013-09-30,20,411,Sojamelk Gezoet Biologisch,biologische artikelen,19.95,399
1265,12,Rademakers,5625BT24,Eindhoven,REHV,802,Klaas,803,Gerda,2013-09-20,2013-09-21,2013-10-02,13,411,Sojamelk Gezoet Biologisch,biologische artikelen,19.95,259.35
1266,13,Heiden. van der,5701HT21,Helmond,RHMD,803,Gerda,801,Herman,2013-09-21,2013-09-23,2013-10-05,20,410,Soja Vanillevla Biologisch,biologische artikelen,22.5,450
1267,11,Jansen,5645KZ1,Eindhoven,REHV,802,Klaas,802,Klaas,2013-09-21,2013-09-27,2013-10-26,9,411,Sojamelk Gezoet Biologisch,biologische artikelen,19.95,179.55
1268,20,Bakermans,5631PK10,Waalre,REHV,802,Klaas,804,Bertha,2013-09-22,2013-09-27,2013-10-01,9,405,Magere Kwark,zuivelartikelen,8.95,80.55
1269,18,Bocht,5798ZK177,Laarbeek,RHMD,803,Gerda,803,Gerda,2013-09-24,2013-09-28,2013-10-04,21,401,Kaviaar,luxe artikelen van de traitteur,23.65,496.65
1269,18,Bocht,5798ZK177,Laarbeek,RHMD,803,Gerda,803,Gerda,2013-09-24,2013-09-28,2013-10-04,14,411,Sojamelk Gezoet Biologisch,biologische artikelen,19.95,279.3
1270,20,Bakermans,5631PK10,Waalre,REHV,802,Klaas,801,Herman,2013-09-29,2013-10-02,2013-10-23,9,405,Magere Kwark,zuivelartikelen,8.95,80.55
1270,20,Bakermans,5631PK10,Waalre,REHV,802,Klaas,801,Herman,2013-09-29,2013-10-02,2013-10-23,20,406,Sojamelk Naturel Biologisch,biologische artikelen,8.25,165
1270,20,Bakermans,5631PK10,Waalre,REHV,802,Klaas,801,Herman,2013-09-29,2013-10-02,2013-10-23,15,409,Vruchtenyoghurt Mango,zuivelartikelen,16.25,243.75
1270,20,Bakermans,5631PK10,Waalre,REHV,802,Klaas,801,Herman,2013-09-29,2013-10-02,2013-10-23,17,410,Soja Vanillevla Biologisch,biologische artikelen,22.5,382.5
1271,16,Velzenmaker,5625BT24,Eindhoven,REHV,802,Klaas,805,Harrie,2013-09-29,2013-10-01,2013-10-19,5,410,Soja Vanillevla Biologisch,biologische artikelen,22.5,112.5
1272,18,Bocht,5798ZK177,Laarbeek,RHMD,803,Gerda,804,Bertha,2013-10-03,2013-10-09,2013-10-26,21,410,Soja Vanillevla Biologisch,biologische artikelen,22.5,472.5
1273,13,Heiden. van der,5701HT21,Helmond,RHMD,803,Gerda,802,Klaas,2013-10-03,2013-10-07,2013-10-14,22,410,Soja Vanillevla Biologisch,biologische artikelen,22.5,495
1274,17,Jansen,5701TT17,Helmond,RHMD,803,Gerda,803,Gerda,2013-10-07,2013-10-10,2013-11-05,7,401,Kaviaar,luxe artikelen van de traitteur,23.65,165.55
1274,17,Jansen,5701TT17,Helmond,RHMD,803,Gerda,803,Gerda,2013-10-07,2013-10-10,2013-11-05,16,402,Ganzenlever,luxe artikelen van de traitteur,44,704
1274,17,Jansen,5701TT17,Helmond,RHMD,803,Gerda,803,Gerda,2013-10-07,2013-10-10,2013-11-05,19,404,Volle Yoghurt,zuivelartikelen,11.5,218.5
1274,17,Jansen,5701TT17,Helmond,RHMD,803,Gerda,803,Gerda,2013-10-07,2013-10-10,2013-11-05,19,407,Zwezerik,luxe artikelen van de traitteur,14.25,270.75
1274,17,Jansen,5701TT17,Helmond,RHMD,803,Gerda,803,Gerda,2013-10-07,2013-10-10,2013-11-05,3,409,Vruchtenyoghurt Mango,zuivelartikelen,16.25,48.75
1274,17,Jansen,5701TT17,Helmond,RHMD,803,Gerda,803,Gerda,2013-10-07,2013-10-10,2013-11-05,16,411,Sojamelk Gezoet Biologisch,biologische artikelen,19.95,319.2
1275,19,Zuur,5463KK103,Veghel,GVGH,806,Karel,802,Klaas,2013-10-07,2013-10-11,2013-10-28,17,410,Soja Vanillevla Biologisch,biologische artikelen,22.5,382.5
1276,11,Jansen,5645KZ1,Eindhoven,REHV,802,Klaas,802,Klaas,2013-10-08,2013-10-13,2013-11-06,16,411,Sojamelk Gezoet Biologisch,biologische artikelen,19.95,319.2
1277,11,Jansen,5645KZ1,Eindhoven,REHV,802,Klaas,802,Klaas,2013-10-12,2013-10-14,2013-10-30,17,407,Zwezerik,luxe artikelen van de traitteur,14.25,242.25
1278,16,Velzenmaker,5625BT24,Eindhoven,REHV,802,Klaas,801,Herman,2013-10-13,2013-10-20,2013-11-15,23,408,Soja Chocolademelk Biologisch,biologische artikelen,17.5,402.5
1279,17,Jansen,5701TT17,Helmond,RHMD,803,Gerda,803,Gerda,2013-10-18,2013-10-21,2013-10-30,24,405,Magere Kwark,zuivelartikelen,8.95,214.8
1280,12,Rademakers,5625BT24,Eindhoven,REHV,802,Klaas,804,Bertha,2013-10-21,2013-10-25,2013-11-21,12,404,Volle Yoghurt,zuivelartikelen,11.5,138
1281,15,Boer. de,5463ZK1003,Veghel,GVGH,806,Karel,802,Klaas,2013-10-22,2013-10-26,2013-11-01,12,403,Vruchtenyoghurt Aardbei,zuivelartikelen,19.25,231
1282,13,Heiden. van der,5701HT21,Helmond,RHMD,803,Gerda,801,Herman,2013-10-26,2013-10-27,2013-11-16,7,403,Vruchtenyoghurt Aardbei,zuivelartikelen,19.25,134.75
1283,13,Heiden. van der,5701HT21,Helmond,RHMD,803,Gerda,805,Harrie,2013-10-31,2013-11-04,2013-11-27,9,402,Ganzenlever,luxe artikelen van de traitteur,44,396
1284,12,Rademakers,5625BT24,Eindhoven,REHV,802,Klaas,805,Harrie,2013-11-01,2013-11-03,2013-11-15,23,411,Sojamelk Gezoet Biologisch,biologische artikelen,19.95,458.85
1285,11,Jansen,5645KZ1,Eindhoven,REHV,802,Klaas,805,Harrie,2013-11-01,2013-11-03,2013-11-18,18,401,Kaviaar,luxe artikelen van de traitteur,23.65,425.7
1286,18,Bocht,5798ZK177,Laarbeek,RHMD,803,Gerda,806,Karel,2013-11-05,2013-11-11,2013-12-04,10,402,Ganzenlever,luxe artikelen van de traitteur,40.7,407
1287,16,Velzenmaker,5625BT24,Eindhoven,REHV,802,Klaas,806,Karel,2013-11-06,2013-11-09,2013-11-28,14,406,Sojamelk Naturel Biologisch,biologische artikelen,8.25,115.5
1288,19,Zuur,5463KK103,Veghel,GVGH,806,Karel,803,Gerda,2013-11-06,2013-11-12,2013-11-17,7,402,Ganzenlever,luxe artikelen van de traitteur,40.7,284.9
1288,19,Zuur,5463KK103,Veghel,GVGH,806,Karel,803,Gerda,2013-11-06,2013-11-12,2013-11-17,11,403,Vruchtenyoghurt Aardbei,zuivelartikelen,19.25,211.75
1289,12,Rademakers,5625BT24,Eindhoven,REHV,802,Klaas,801,Herman,2013-11-12,2013-11-14,2013-11-22,23,407,Zwezerik,luxe artikelen van de traitteur,14.25,327.75
1290,14,Kraymans,5472ZK103,Erp,GVGH,806,Karel,806,Karel,2013-11-15,2013-11-20,2013-11-29,9,403,Vruchtenyoghurt Aardbei,zuivelartikelen,19.25,173.25
1291,19,Zuur,5463KK103,Veghel,GVGH,806,Karel,803,Gerda,2013-11-16,2013-11-21,2013-11-30,20,411,Sojamelk Gezoet Biologisch,biologische artikelen,19.95,399
1292,20,Bakermans,5631PK10,Waalre,REHV,802,Klaas,805,Harrie,2013-11-17,2013-11-19,2013-12-24,10,403,Vruchtenyoghurt Aardbei,zuivelartikelen,19.25,192.5
1293,16,Velzenmaker,5625BT24,Eindhoven,REHV,802,Klaas,802,Klaas,2013-11-19,2013-11-21,2013-12-01,9,403,Vruchtenyoghurt Aardbei,zuivelartikelen,19.25,173.25
1294,14,Kraymans,5472ZK103,Erp,GVGH,806,Karel,803,Gerda,2013-11-19,2013-11-22,2013-12-01,21,411,Sojamelk Gezoet Biologisch,biologische artikelen,19.95,418.95
1295,19,Zuur,5463KK103,Veghel,GVGH,806,Karel,805,Harrie,2013-11-19,2013-11-24,2013-12-22,8,409,Vruchtenyoghurt Mango,zuivelartikelen,16.25,130
1296,17,Jansen,5701TT17,Helmond,RHMD,803,Gerda,806,Karel,2013-11-20,2013-11-24,2013-12-19,6,407,Zwezerik,luxe artikelen van de traitteur,14.25,85.5
1297,14,Kraymans,5472ZK103,Erp,GVGH,806,Karel,806,Karel,2013-11-26,2013-12-02,2014-01-01,19,405,Magere Kwark,zuivelartikelen,8.95,170.05
1298,17,Jansen,5701TT17,Helmond,RHMD,803,Gerda,803,Gerda,2013-11-29,2013-12-01,2013-12-31,12,411,Sojamelk Gezoet Biologisch,biologische artikelen,19.95,239.4
1299,12,Rademakers,5625BT24,Eindhoven,REHV,802,Klaas,804,Bertha,2013-11-30,2013-12-03,2013-12-15,28,411,Sojamelk Gezoet Biologisch,biologische artikelen,19.95,558.6
1300,18,Bocht,5798ZK177,Laarbeek,RHMD,803,Gerda,802,Klaas,2013-12-04,2013-12-08,2013-12-31,6,407,Zwezerik,luxe artikelen van de traitteur,14.25,85.5
1301,13,Heiden. van der,5701HT21,Helmond,RHMD,803,Gerda,806,Karel,2013-12-07,2013-12-13,2014-01-10,18,401,Kaviaar,luxe artikelen van de traitteur,23.65,425.7
1302,15,Boer. de,5463ZK1003,Veghel,GVGH,806,Karel,806,Karel,2013-12-07,2013-12-11,2014-01-05,16,401,Kaviaar,luxe artikelen van de traitteur,23.65,378.4
1303,19,Zuur,5463KK103,Veghel,GVGH,806,Karel,805,Harrie,2013-12-11,2013-12-14,2014-01-01,13,402,Ganzenlever,luxe artikelen van de traitteur,40.7,529.1
1304,12,Rademakers,5625BT24,Eindhoven,REHV,802,Klaas,802,Klaas,2013-12-12,2013-12-13,2013-12-27,16,410,Soja Vanillevla Biologisch,biologische artikelen,22.5,360
1305,18,Bocht,5798ZK177,Laarbeek,RHMD,803,Gerda,804,Bertha,2013-12-13,2013-12-17,2013-12-21,5,411,Sojamelk Gezoet Biologisch,biologische artikelen,19.95,99.75
1306,13,Heiden. van der,5701HT21,Helmond,RHMD,803,Gerda,803,Gerda,2013-12-18,2013-12-19,2013-12-23,12,405,Magere Kwark,zuivelartikelen,8.95,107.4
1307,15,Boer. de,5463ZK1003,Veghel,GVGH,806,Karel,801,Herman,2013-12-18,2013-12-23,2013-12-31,9,409,Vruchtenyoghurt Mango,zuivelartikelen,16.25,146.25
1308,12,Rademakers,5625BT24,Eindhoven,REHV,802,Klaas,803,Gerda,2013-12-18,2013-12-20,,22,405,Magere Kwark,zuivelartikelen,8.95,196.9
1309,15,Boer. de,5463ZK1003,Veghel,GVGH,806,Karel,806,Karel,2013-12-24,2013-12-26,2014-01-21,15,403,Vruchtenyoghurt Aardbei,zuivelartikelen,19.25,288.75
1309,15,Boer. de,5463ZK1003,Veghel,GVGH,806,Karel,806,Karel,2013-12-24,2013-12-26,2014-01-21,10,406,Sojamelk Naturel Biologisch,biologische artikelen,8.25,82.5
1310,12,Rademakers,5625BT24,Eindhoven,REHV,802,Klaas,802,Klaas,2013-12-26,2013-12-30,2014-01-14,8,404,Volle Yoghurt,zuivelartikelen,11.5,92
1310,12,Rademakers,5625BT24,Eindhoven,REHV,802,Klaas,802,Klaas,2013-12-26,2013-12-30,2014-01-14,6,408,Soja Chocolademelk Biologisch,biologische artikelen,17.5,105
1310,12,Rademakers,5625BT24,Eindhoven,REHV,802,Klaas,802,Klaas,2013-12-26,2013-12-30,2014-01-14,6,409,Vruchtenyoghurt Mango,zuivelartikelen,16.25,97.5
1311,15,Boer. de,5463ZK1003,Veghel,GVGH,806,Karel,803,Gerda,2013-12-28,2014-01-01,2014-01-06,21,405,Magere Kwark,zuivelartikelen,8.95,187.95
1312,18,Bocht,5798ZK177,Laarbeek,RHMD,803,Gerda,804,Bertha,2014-01-01,2014-01-04,2014-01-18,15,401,Kaviaar,luxe artikelen van de traitteur,23.65,354.75
1313,18,Bocht,5798ZK177,Laarbeek,RHMD,803,Gerda,804,Bertha,2014-01-03,2014-01-07,2014-01-22,24,411,Sojamelk Gezoet Biologisch,biologische artikelen,19.95,478.8
1314,16,Velzenmaker,5625BT24,Eindhoven,REHV,802,Klaas,802,Klaas,2014-01-11,2014-01-16,2014-02-04,13,404,Volle Yoghurt,zuivelartikelen,11.5,149.5
1315,11,Jansen,5645KZ1,Eindhoven,REHV,802,Klaas,803,Gerda,2014-01-12,2014-01-19,2014-02-13,12,409,Vruchtenyoghurt Mango,zuivelartikelen,16.25,195
1316,11,Jansen,5645KZ1,Eindhoven,REHV,802,Klaas,802,Klaas,2014-01-12,2014-01-19,2014-02-02,20,410,Soja Vanillevla Biologisch,biologische artikelen,22.5,450
1317,13,Heiden. van der,5701HT21,Helmond,RHMD,803,Gerda,805,Harrie,2014-01-17,2014-01-20,2014-02-01,18,405,Magere Kwark,zuivelartikelen,8.95,161.1
1318,19,Zuur,5463KK103,Veghel,GVGH,806,Karel,802,Klaas,2014-01-25,2014-01-28,2014-02-23,13,408,Soja Chocolademelk Biologisch,biologische artikelen,17.5,227.5
1319,15,Boer. de,5463ZK1003,Veghel,GVGH,806,Karel,806,Karel,2014-02-02,2014-02-06,2014-02-23,8,401,Kaviaar,luxe artikelen van de traitteur,23.65,189.2
1320,12,Rademakers,5625BT24,Eindhoven,REHV,802,Klaas,802,Klaas,2014-02-03,2014-02-08,2014-02-20,3,406,Sojamelk Naturel Biologisch,biologische artikelen,8.25,24.75
1321,18,Bocht,5798ZK177,Laarbeek,RHMD,803,Gerda,802,Klaas,2014-02-05,2014-02-09,2014-03-13,20,406,Sojamelk Naturel Biologisch,biologische artikelen,8.25,165
1322,18,Bocht,5798ZK177,Laarbeek,RHMD,803,Gerda,802,Klaas,2014-02-05,2014-02-09,2014-03-10,24,405,Magere Kwark,zuivelartikelen,8.95,214.8
1323,18,Bocht,5798ZK177,Laarbeek,RHMD,803,Gerda,806,Karel,2014-02-06,2014-02-11,,7,407,Zwezerik,luxe artikelen van de traitteur,14.25,99.75
1324,20,Bakermans,5631PK10,Waalre,REHV,802,Klaas,802,Klaas,2014-02-11,2014-02-14,2014-03-03,14,404,Volle Yoghurt,zuivelartikelen,11.5,161
1325,14,Kraymans,5472ZK103,Erp,GVGH,806,Karel,806,Karel,2014-02-11,2014-02-15,2014-02-25,18,407,Zwezerik,luxe artikelen van de traitteur,14.25,256.5
1326,14,Kraymans,5472ZK103,Erp,GVGH,806,Karel,803,Gerda,2014-02-19,2014-02-20,2014-02-27,21,405,Magere Kwark,zuivelartikelen,8.95,187.95
1327,11,Jansen,5645KZ1,Eindhoven,REHV,802,Klaas,804,Bertha,2014-02-23,2014-03-01,2014-03-27,7,407,Zwezerik,luxe artikelen van de traitteur,14.25,99.75
1328,20,Bakermans,5631PK10,Waalre,REHV,802,Klaas,803,Gerda,2014-02-27,2014-03-03,2014-04-02,17,404,Volle Yoghurt,zuivelartikelen,11.5,195.5
1329,15,Boer. de,5463ZK1003,Veghel,GVGH,806,Karel,806,Karel,2014-02-28,2014-03-04,2014-03-28,5,408,Soja Chocolademelk Biologisch,biologische artikelen,17.5,87.5
1330,17,Jansen,5701TT17,Helmond,RHMD,803,Gerda,801,Herman,2014-03-08,2014-03-12,2014-04-07,18,407,Zwezerik,luxe artikelen van de traitteur,14.25,256.5
1331,17,Jansen,5701TT17,Helmond,RHMD,803,Gerda,803,Gerda,2014-03-13,2014-03-19,2014-04-14,6,401,Kaviaar,luxe artikelen van de traitteur,23.65,141.9
1332,11,Jansen,5645KZ1,Eindhoven,REHV,802,Klaas,801,Herman,2014-03-15,2014-03-16,2014-04-03,20,405,Magere Kwark,zuivelartikelen,8.95,179
1333,13,Heiden. van der,5701HT21,Helmond,RHMD,803,Gerda,805,Harrie,2014-03-15,2014-03-19,2014-04-07,20,405,Magere Kwark,zuivelartikelen,8.95,179
1334,11,Jansen,5645KZ1,Eindhoven,REHV,802,Klaas,803,Gerda,2014-03-15,2014-03-17,2014-03-27,16,411,Sojamelk Gezoet Biologisch,biologische artikelen,19.95,319.2
1335,17,Jansen,5701TT17,Helmond,RHMD,803,Gerda,805,Harrie,2014-03-16,2014-03-22,2014-03-30,3,403,Vruchtenyoghurt Aardbei,zuivelartikelen,15.25,45.75
1335,17,Jansen,5701TT17,Helmond,RHMD,803,Gerda,805,Harrie,2014-03-16,2014-03-22,2014-03-30,6,406,Sojamelk Naturel Biologisch,biologische artikelen,8.25,49.5
1335,17,Jansen,5701TT17,Helmond,RHMD,803,Gerda,805,Harrie,2014-03-16,2014-03-22,2014-03-30,23,407,Zwezerik,luxe artikelen van de traitteur,14.25,327.75
1335,17,Jansen,5701TT17,Helmond,RHMD,803,Gerda,805,Harrie,2014-03-16,2014-03-22,2014-03-30,13,408,Soja Chocolademelk Biologisch,biologische artikelen,17.5,227.5
1336,16,Velzenmaker,5625BT24,Eindhoven,REHV,802,Klaas,805,Harrie,2014-03-23,2014-03-28,2014-04-02,9,408,Soja Chocolademelk Biologisch,biologische artikelen,17.5,157.5
1337,18,Bocht,5798ZK177,Laarbeek,RHMD,803,Gerda,806,Karel,2014-03-25,2014-03-29,2014-04-04,17,410,Soja Vanillevla Biologisch,biologische artikelen,22.5,382.5
1338,12,Rademakers,5625BT24,Eindhoven,REHV,802,Klaas,805,Harrie,2014-04-02,2014-04-04,2014-05-02,20,408,Soja Chocolademelk Biologisch,biologische artikelen,17.5,350
1339,18,Bocht,5798ZK177,Laarbeek,RHMD,803,Gerda,803,Gerda,2014-04-05,2014-04-11,2014-04-18,10,402,Ganzenlever,luxe artikelen van de traitteur,40.7,407
1340,15,Boer. de,5463ZK1003,Veghel,GVGH,806,Karel,803,Gerda,2014-04-05,2014-04-11,2014-05-11,9,410,Soja Vanillevla Biologisch,biologische artikelen,22.5,202.5
1341,13,Heiden. van der,5701HT21,Helmond,RHMD,803,Gerda,803,Gerda,2014-04-11,2014-04-15,2014-05-12,12,408,Soja Chocolademelk Biologisch,biologische artikelen,17.5,210
1341,13,Heiden. van der,5701HT21,Helmond,RHMD,803,Gerda,803,Gerda,2014-04-11,2014-04-15,2014-05-12,8,409,Vruchtenyoghurt Mango,zuivelartikelen,16.25,130
1342,18,Bocht,5798ZK177,Laarbeek,RHMD,803,Gerda,802,Klaas,2014-04-13,2014-04-15,2014-04-25,20,408,Soja Chocolademelk Biologisch,biologische artikelen,17.5,350
1343,18,Bocht,5798ZK177,Laarbeek,RHMD,803,Gerda,804,Bertha,2014-04-17,2014-04-21,2014-05-05,16,408,Soja Chocolademelk Biologisch,biologische artikelen,17.5,280
1344,19,Zuur,5463KK103,Veghel,GVGH,806,Karel,805,Harrie,2014-04-17,2014-04-21,2014-04-29,11,401,Kaviaar,luxe artikelen van de traitteur,23.65,260.15
1345,19,Zuur,5463KK103,Veghel,GVGH,806,Karel,805,Harrie,2014-04-21,2014-04-27,2014-05-10,15,407,Zwezerik,luxe artikelen van de traitteur,14.25,213.75
1346,14,Kraymans,5472ZK103,Erp,GVGH,806,Karel,805,Harrie,2014-04-26,2014-04-30,2014-05-14,9,401,Kaviaar,luxe artikelen van de traitteur,23.65,212.85
1347,16,Velzenmaker,5625BT24,Eindhoven,REHV,802,Klaas,801,Herman,2014-04-26,2014-05-03,2014-05-23,11,406,Sojamelk Naturel Biologisch,biologische artikelen,8.25,90.75
1348,16,Velzenmaker,5625BT24,Eindhoven,REHV,802,Klaas,805,Harrie,2014-05-01,2014-05-06,2014-05-25,20,407,Zwezerik,luxe artikelen van de traitteur,14.25,285
1349,12,Rademakers,5625BT24,Eindhoven,REHV,802,Klaas,801,Herman,2014-05-08,2014-05-11,2014-05-21,17,409,Vruchtenyoghurt Mango,zuivelartikelen,16.25,276.25
1349,12,Rademakers,5625BT24,Eindhoven,REHV,802,Klaas,801,Herman,2014-05-08,2014-05-11,2014-05-21,20,411,Sojamelk Gezoet Biologisch,biologische artikelen,21.95,439
1350,16,Velzenmaker,5625BT24,Eindhoven,REHV,802,Klaas,806,Karel,2014-05-09,2014-05-13,2014-06-07,15,403,Vruchtenyoghurt Aardbei,zuivelartikelen,15.25,228.75
1351,14,Kraymans,5472ZK103,Erp,GVGH,806,Karel,805,Harrie,2014-05-18,2014-05-23,2014-06-15,24,409,Vruchtenyoghurt Mango,zuivelartikelen,16.25,390
1352,12,Rademakers,5625BT24,Eindhoven,REHV,802,Klaas,805,Harrie,2014-05-23,2014-05-27,2014-06-06,8,406,Sojamelk Naturel Biologisch,biologische artikelen,8.25,66
1353,16,Velzenmaker,5625BT24,Eindhoven,REHV,802,Klaas,802,Klaas,2014-05-28,2014-05-29,2014-06-13,12,404,Volle Yoghurt,zuivelartikelen,12.5,150
1354,20,Bakermans,5631PK10,Waalre,REHV,802,Klaas,804,Bertha,2014-05-30,2014-06-02,2014-06-29,15,401,Kaviaar,luxe artikelen van de traitteur,23.65,354.75
1355,15,Boer. de,5463ZK1003,Veghel,GVGH,806,Karel,804,Bertha,2014-05-30,2014-06-04,2014-06-10,17,411,Sojamelk Gezoet Biologisch,biologische artikelen,21.95,373.15
1356,18,Bocht,5798ZK177,Laarbeek,RHMD,803,Gerda,801,Herman,2014-06-01,2014-06-04,2014-07-01,17,411,Sojamelk Gezoet Biologisch,biologische artikelen,21.95,373.15
1357,18,Bocht,5798ZK177,Laarbeek,RHMD,803,Gerda,802,Klaas,2014-06-07,2014-06-09,2014-07-02,6,411,Sojamelk Gezoet Biologisch,biologische artikelen,21.95,131.7
1358,19,Zuur,5463KK103,Veghel,GVGH,806,Karel,802,Klaas,2014-06-07,2014-06-11,2014-07-17,21,409,Vruchtenyoghurt Mango,zuivelartikelen,16.25,341.25
1359,19,Zuur,5463KK103,Veghel,GVGH,806,Karel,801,Herman,2014-06-08,2014-06-10,2014-06-19,6,401,Kaviaar,luxe artikelen van de traitteur,23.65,141.9
1359,19,Zuur,5463KK103,Veghel,GVGH,806,Karel,801,Herman,2014-06-08,2014-06-10,2014-06-19,10,406,Sojamelk Naturel Biologisch,biologische artikelen,8.25,82.5
1359,19,Zuur,5463KK103,Veghel,GVGH,806,Karel,801,Herman,2014-06-08,2014-06-10,2014-06-19,17,409,Vruchtenyoghurt Mango,zuivelartikelen,16.25,276.25
1359,19,Zuur,5463KK103,Veghel,GVGH,806,Karel,801,Herman,2014-06-08,2014-06-10,2014-06-19,17,410,Soja Vanillevla Biologisch,biologische artikelen,22.5,382.5
1360,13,Heiden. van der,5701HT21,Helmond,RHMD,803,Gerda,805,Harrie,2014-06-12,2014-06-15,2014-06-26,18,410,Soja Vanillevla Biologisch,biologische artikelen,22.5,405
1361,19,Zuur,5463KK103,Veghel,GVGH,806,Karel,802,Klaas,2014-06-21,2014-06-24,2014-07-17,10,410,Soja Vanillevla Biologisch,biologische artikelen,22.5,225
1362,15,Boer. de,5463ZK1003,Veghel,GVGH,806,Karel,803,Gerda,2014-06-29,2014-07-04,2014-07-30,5,405,Magere Kwark,zuivelartikelen,8.95,44.75
1363,17,Jansen,5701TT17,Helmond,RHMD,803,Gerda,804,Bertha,2014-07-01,2014-07-05,2014-07-22,14,406,Sojamelk Naturel Biologisch,biologische artikelen,8.25,115.5
1364,13,Heiden. van der,5701HT21,Helmond,RHMD,803,Gerda,803,Gerda,2014-07-02,2014-07-05,2014-07-10,21,411,Sojamelk Gezoet Biologisch,biologische artikelen,21.95,460.95
1365,17,Jansen,5701TT17,Helmond,RHMD,803,Gerda,805,Harrie,2014-07-07,2014-07-08,2014-07-18,10,407,Zwezerik,luxe artikelen van de traitteur,14.25,142.5
1366,19,Zuur,5463KK103,Veghel,GVGH,806,Karel,805,Harrie,2014-07-10,2014-07-11,2014-07-27,8,411,Sojamelk Gezoet Biologisch,biologische artikelen,21.95,175.6
1367,18,Bocht,5798ZK177,Laarbeek,RHMD,803,Gerda,801,Herman,2014-07-10,2014-07-14,2014-07-18,8,401,Kaviaar,luxe artikelen van de traitteur,23.65,189.2
1368,14,Kraymans,5472ZK103,Erp,GVGH,806,Karel,802,Klaas,2014-07-11,2014-07-14,2014-08-11,2,405,Magere Kwark,zuivelartikelen,8.95,17.9
1368,14,Kraymans,5472ZK103,Erp,GVGH,806,Karel,802,Klaas,2014-07-11,2014-07-14,2014-08-11,6,407,Zwezerik,luxe artikelen van de traitteur,14.25,85.5
1368,14,Kraymans,5472ZK103,Erp,GVGH,806,Karel,802,Klaas,2014-07-11,2014-07-14,2014-08-11,9,410,Soja Vanillevla Biologisch,biologische artikelen,22.5,202.5
1368,14,Kraymans,5472ZK103,Erp,GVGH,806,Karel,802,Klaas,2014-07-11,2014-07-14,2014-08-11,8,411,Sojamelk Gezoet Biologisch,biologische artikelen,21.95,175.6
1369,14,Kraymans,5472ZK103,Erp,GVGH,806,Karel,804,Bertha,2014-07-12,2014-07-18,2014-08-14,24,402,Ganzenlever,luxe artikelen van de traitteur,40.7,976.8
1370,13,Heiden. van der,5701HT21,Helmond,RHMD,803,Gerda,804,Bertha,2014-07-13,2014-07-20,2014-08-14,14,402,Ganzenlever,luxe artikelen van de traitteur,40.7,569.8
1371,11,Jansen,5645KZ1,Eindhoven,REHV,802,Klaas,801,Herman,2014-07-14,2014-07-17,2014-07-31,22,403,Vruchtenyoghurt Aardbei,zuivelartikelen,15.25,335.5
1372,17,Jansen,5701TT17,Helmond,RHMD,803,Gerda,805,Harrie,2014-07-17,2014-07-20,2014-08-01,22,410,Soja Vanillevla Biologisch,biologische artikelen,22.5,495
1373,15,Boer. de,5463ZK1003,Veghel,GVGH,806,Karel,801,Herman,2014-07-19,2014-07-21,2014-08-15,11,404,Volle Yoghurt,zuivelartikelen,12.5,137.5
1373,15,Boer. de,5463ZK1003,Veghel,GVGH,806,Karel,801,Herman,2014-07-19,2014-07-21,2014-08-15,19,408,Soja Chocolademelk Biologisch,biologische artikelen,17.5,332.5
1374,13,Heiden. van der,5701HT21,Helmond,RHMD,803,Gerda,802,Klaas,2014-07-22,2014-07-26,2014-08-16,14,410,Soja Vanillevla Biologisch,biologische artikelen,22.5,315
1375,13,Heiden. van der,5701HT21,Helmond,RHMD,803,Gerda,802,Klaas,2014-07-24,2014-07-30,2014-08-06,6,405,Magere Kwark,zuivelartikelen,8.95,53.7
1376,12,Rademakers,5625BT24,Eindhoven,REHV,802,Klaas,803,Gerda,2014-07-25,2014-07-31,2014-08-24,12,404,Volle Yoghurt,zuivelartikelen,12.5,150
1377,16,Velzenmaker,5625BT24,Eindhoven,REHV,802,Klaas,805,Harrie,2014-07-25,2014-07-26,2014-08-20,5,407,Zwezerik,luxe artikelen van de traitteur,14.25,71.25
1377,16,Velzenmaker,5625BT24,Eindhoven,REHV,802,Klaas,805,Harrie,2014-07-25,2014-07-26,2014-08-20,15,408,Soja Chocolademelk Biologisch,biologische artikelen,17.5,262.5
1378,11,Jansen,5645KZ1,Eindhoven,REHV,802,Klaas,802,Klaas,2014-07-26,2014-08-01,2014-08-14,10,410,Soja Vanillevla Biologisch,biologische artikelen,22.5,225
1379,12,Rademakers,5625BT24,Eindhoven,REHV,802,Klaas,806,Karel,2014-07-28,2014-08-04,2014-08-09,14,404,Volle Yoghurt,zuivelartikelen,12.5,175
1380,14,Kraymans,5472ZK103,Erp,GVGH,806,Karel,803,Gerda,2014-07-28,2014-08-03,2014-08-09,17,406,Sojamelk Naturel Biologisch,biologische artikelen,8.25,140.25
1381,17,Jansen,5701TT17,Helmond,RHMD,803,Gerda,806,Karel,2014-07-31,2014-08-03,,5,411,Sojamelk Gezoet Biologisch,biologische artikelen,21.95,109.75
1382,14,Kraymans,5472ZK103,Erp,GVGH,806,Karel,804,Bertha,2014-07-31,2014-08-07,2014-08-26,9,407,Zwezerik,luxe artikelen van de traitteur,14.25,128.25
1383,16,Velzenmaker,5625BT24,Eindhoven,REHV,802,Klaas,801,Herman,2014-08-02,2014-08-05,2014-08-26,23,402,Ganzenlever,luxe artikelen van de traitteur,40.7,936.1
1384,11,Jansen,5645KZ1,Eindhoven,REHV,802,Klaas,803,Gerda,2014-08-02,2014-08-06,2014-08-30,15,404,Volle Yoghurt,zuivelartikelen,12.5,187.5
1385,15,Boer. de,5463ZK1003,Veghel,GVGH,806,Karel,802,Klaas,2014-08-06,2014-08-09,2014-08-15,5,401,Kaviaar,luxe artikelen van de traitteur,23.65,118.25
1386,16,Velzenmaker,5625BT24,Eindhoven,REHV,802,Klaas,803,Gerda,2014-08-08,2014-08-11,2014-08-29,19,411,Sojamelk Gezoet Biologisch,biologische artikelen,21.95,417.05
1387,12,Rademakers,5625BT24,Eindhoven,REHV,802,Klaas,802,Klaas,2014-08-08,2014-08-12,2014-09-06,12,404,Volle Yoghurt,zuivelartikelen,12.5,150
1388,11,Jansen,5645KZ1,Eindhoven,REHV,802,Klaas,802,Klaas,2014-08-10,2014-08-11,2014-08-15,17,405,Magere Kwark,zuivelartikelen,8.95,152.15
1389,15,Boer. de,5463ZK1003,Veghel,GVGH,806,Karel,804,Bertha,2014-08-10,2014-08-16,2014-09-06,5,406,Sojamelk Naturel Biologisch,biologische artikelen,8.25,41.25
1389,15,Boer. de,5463ZK1003,Veghel,GVGH,806,Karel,804,Bertha,2014-08-10,2014-08-16,2014-09-06,15,407,Zwezerik,luxe artikelen van de traitteur,14.25,213.75
1389,15,Boer. de,5463ZK1003,Veghel,GVGH,806,Karel,804,Bertha,2014-08-10,2014-08-16,2014-09-06,9,408,Soja Chocolademelk Biologisch,biologische artikelen,17.5,157.5
1390,18,Bocht,5798ZK177,Laarbeek,RHMD,803,Gerda,802,Klaas,2014-08-15,2014-08-20,2014-08-29,16,407,Zwezerik,luxe artikelen van de traitteur,14.25,228
1391,19,Zuur,5463KK103,Veghel,GVGH,806,Karel,802,Klaas,2014-08-17,2014-08-20,2014-09-07,19,407,Zwezerik,luxe artikelen van de traitteur,14.25,270.75
1392,20,Bakermans,5631PK10,Waalre,REHV,802,Klaas,803,Gerda,2014-08-17,2014-08-20,2014-09-11,10,409,Vruchtenyoghurt Mango,zuivelartikelen,16.25,162.5
1393,13,Heiden. van der,5701HT21,Helmond,RHMD,803,Gerda,806,Karel,2014-08-19,2014-08-23,2014-09-16,17,401,Kaviaar,luxe artikelen van de traitteur,23.65,402.05
1394,17,Jansen,5701TT17,Helmond,RHMD,803,Gerda,805,Harrie,2014-08-19,2014-08-22,2014-09-15,12,402,Ganzenlever,luxe artikelen van de traitteur,40.7,488.4
1395,16,Velzenmaker,5625BT24,Eindhoven,REHV,802,Klaas,806,Karel,2014-08-25,2014-08-27,2014-09-02,16,408,Soja Chocolademelk Biologisch,biologische artikelen,17.5,280
1396,13,Heiden. van der,5701HT21,Helmond,RHMD,803,Gerda,801,Herman,2014-08-28,2014-09-04,2014-09-09,16,402,Ganzenlever,luxe artikelen van de traitteur,40.7,651.2
1396,13,Heiden. van der,5701HT21,Helmond,RHMD,803,Gerda,801,Herman,2014-08-28,2014-09-04,2014-09-09,23,403,Vruchtenyoghurt Aardbei,zuivelartikelen,15.25,350.75
1396,13,Heiden. van der,5701HT21,Helmond,RHMD,803,Gerda,801,Herman,2014-08-28,2014-09-04,2014-09-09,9,406,Sojamelk Naturel Biologisch,biologische artikelen,8.25,74.25
1396,13,Heiden. van der,5701HT21,Helmond,RHMD,803,Gerda,801,Herman,2014-08-28,2014-09-04,2014-09-09,12,407,Zwezerik,luxe artikelen van de traitteur,14.25,171
1397,12,Rademakers,5625BT24,Eindhoven,REHV,802,Klaas,806,Karel,2014-08-28,2014-08-29,2014-09-18,5,411,Sojamelk Gezoet Biologisch,biologische artikelen,21.95,109.75
1398,15,Boer. de,5463ZK1003,Veghel,GVGH,806,Karel,805,Harrie,2014-08-29,2014-08-31,2014-09-08,11,406,Sojamelk Naturel Biologisch,biologische artikelen,8.25,90.75
1399,14,Kraymans,5472ZK103,Erp,GVGH,806,Karel,806,Karel,2014-08-30,2014-08-31,2014-09-14,12,402,Ganzenlever,luxe artikelen van de traitteur,40.7,488.4
1399,14,Kraymans,5472ZK103,Erp,GVGH,806,Karel,806,Karel,2014-08-30,2014-08-31,2014-09-14,21,403,Vruchtenyoghurt Aardbei,zuivelartikelen,15.25,320.25
1400,18,Bocht,5798ZK177,Laarbeek,RHMD,803,Gerda,805,Harrie,2014-08-30,2014-09-03,2014-09-22,6,406,Sojamelk Naturel Biologisch,biologische artikelen,8.25,49.5
1401,11,Jansen,5645KZ1,Eindhoven,REHV,802,Klaas,806,Karel,2014-09-02,2014-09-07,2014-09-12,13,405,Magere Kwark,zuivelartikelen,8.95,116.35
1402,11,Jansen,5645KZ1,Eindhoven,REHV,802,Klaas,802,Klaas,2014-09-02,2014-09-09,2014-09-30,5,402,Ganzenlever,luxe artikelen van de traitteur,40.7,203.5
1403,18,Bocht,5798ZK177,Laarbeek,RHMD,803,Gerda,804,Bertha,2014-09-03,2014-09-07,2014-09-22,14,402,Ganzenlever,luxe artikelen van de traitteur,40.7,569.8
1404,16,Velzenmaker,5625BT24,Eindhoven,REHV,802,Klaas,803,Gerda,2014-09-03,2014-09-09,2014-09-18,7,402,Ganzenlever,luxe artikelen van de traitteur,40.7,284.9
1405,18,Bocht,5798ZK177,Laarbeek,RHMD,803,Gerda,805,Harrie,2014-09-04,2014-09-11,2014-10-08,10,405,Magere Kwark,zuivelartikelen,8.95,89.5
1406,14,Kraymans,5472ZK103,Erp,GVGH,806,Karel,806,Karel,2014-09-06,2014-09-12,2014-10-05,17,401,Kaviaar,luxe artikelen van de traitteur,23.65,402.05
1407,13,Heiden. van der,5701HT21,Helmond,RHMD,803,Gerda,805,Harrie,2014-09-10,2014-09-16,2014-09-24,15,405,Magere Kwark,zuivelartikelen,8.95,134.25
1408,17,Jansen,5701TT17,Helmond,RHMD,803,Gerda,802,Klaas,2014-09-11,2014-09-12,2014-09-16,9,411,Sojamelk Gezoet Biologisch,biologische artikelen,21.95,197.55
1409,11,Jansen,5645KZ1,Eindhoven,REHV,802,Klaas,804,Bertha,2014-09-12,2014-09-17,2014-10-14,24,411,Sojamelk Gezoet Biologisch,biologische artikelen,21.95,526.8
1410,15,Boer. de,5463ZK1003,Veghel,GVGH,806,Karel,806,Karel,2014-09-13,2014-09-20,2014-10-07,6,403,Vruchtenyoghurt Aardbei,zuivelartikelen,15.25,91.5
1410,15,Boer. de,5463ZK1003,Veghel,GVGH,806,Karel,806,Karel,2014-09-13,2014-09-20,2014-10-07,21,407,Zwezerik,luxe artikelen van de traitteur,14.25,299.25
1411,13,Heiden. van der,5701HT21,Helmond,RHMD,803,Gerda,806,Karel,2014-09-14,2014-09-19,2014-10-12,10,410,Soja Vanillevla Biologisch,biologische artikelen,22.5,225
1412,13,Heiden. van der,5701HT21,Helmond,RHMD,803,Gerda,805,Harrie,2014-09-19,2014-09-25,2014-10-18,8,404,Volle Yoghurt,zuivelartikelen,12.5,100
1413,14,Kraymans,5472ZK103,Erp,GVGH,806,Karel,804,Bertha,2014-09-19,2014-09-20,2014-10-18,7,404,Volle Yoghurt,zuivelartikelen,12.5,87.5
1414,12,Rademakers,5625BT24,Eindhoven,REHV,802,Klaas,806,Karel,2014-09-28,2014-10-01,2014-10-06,7,402,Ganzenlever,luxe artikelen van de traitteur,40.7,284.9
1415,11,Jansen,5645KZ1,Eindhoven,REHV,802,Klaas,806,Karel,2014-10-03,2014-10-08,2014-11-03,22,407,Zwezerik,luxe artikelen van de traitteur,14.25,313.5
1416,15,Boer. de,5463ZK1003,Veghel,GVGH,806,Karel,803,Gerda,2014-10-12,2014-10-17,2014-11-10,20,408,Soja Chocolademelk Biologisch,biologische artikelen,17.5,350
1417,19,Zuur,5463KK103,Veghel,GVGH,806,Karel,803,Gerda,2014-10-16,2014-10-21,2014-11-11,11,403,Vruchtenyoghurt Aardbei,zuivelartikelen,15.25,167.75
1418,15,Boer. de,5463ZK1003,Veghel,GVGH,806,Karel,801,Herman,2014-10-21,2014-10-26,2014-11-19,19,401,Kaviaar,luxe artikelen van de traitteur,23.65,449.35
1419,13,Heiden. van der,5701HT21,Helmond,RHMD,803,Gerda,802,Klaas,2014-10-26,2014-10-28,2014-11-15,17,406,Sojamelk Naturel Biologisch,biologische artikelen,8.25,140.25
1420,18,Bocht,5798ZK177,Laarbeek,RHMD,803,Gerda,805,Harrie,2014-10-27,2014-11-03,2014-11-30,21,407,Zwezerik,luxe artikelen van de traitteur,14.25,299.25
1421,15,Boer. de,5463ZK1003,Veghel,GVGH,806,Karel,803,Gerda,2014-10-29,2014-11-03,2014-11-21,16,402,Ganzenlever,luxe artikelen van de traitteur,40.7,651.2
1421,15,Boer. de,5463ZK1003,Veghel,GVGH,806,Karel,803,Gerda,2014-10-29,2014-11-03,2014-11-21,14,406,Sojamelk Naturel Biologisch,biologische artikelen,8.25,115.5
1421,15,Boer. de,5463ZK1003,Veghel,GVGH,806,Karel,803,Gerda,2014-10-29,2014-11-03,2014-11-21,20,410,Soja Vanillevla Biologisch,biologische artikelen,22.5,450
1421,15,Boer. de,5463ZK1003,Veghel,GVGH,806,Karel,803,Gerda,2014-10-29,2014-11-03,2014-11-21,9,411,Sojamelk Gezoet Biologisch,biologische artikelen,21.95,197.55
1422,14,Kraymans,5472ZK103,Erp,GVGH,806,Karel,802,Klaas,2014-11-01,2014-11-05,2014-11-15,10,410,Soja Vanillevla Biologisch,biologische artikelen,22.5,225
1423,14,Kraymans,5472ZK103,Erp,GVGH,806,Karel,806,Karel,2014-11-04,2014-11-08,2014-11-13,19,402,Ganzenlever,luxe artikelen van de traitteur,40.7,773.3
1423,14,Kraymans,5472ZK103,Erp,GVGH,806,Karel,806,Karel,2014-11-04,2014-11-08,2014-11-13,3,407,Zwezerik,luxe artikelen van de traitteur,14.25,42.75
1423,14,Kraymans,5472ZK103,Erp,GVGH,806,Karel,806,Karel,2014-11-04,2014-11-08,2014-11-13,10,409,Vruchtenyoghurt Mango,zuivelartikelen,16.25,162.5
1424,19,Zuur,5463KK103,Veghel,GVGH,806,Karel,806,Karel,2014-11-21,2014-11-25,2014-11-30,12,409,Vruchtenyoghurt Mango,zuivelartikelen,16.25,195
1425,11,Jansen,5645KZ1,Eindhoven,REHV,802,Klaas,806,Karel,2014-11-27,2014-11-29,2014-12-13,14,404,Volle Yoghurt,zuivelartikelen,12.5,175
1426,12,Rademakers,5625BT24,Eindhoven,REHV,802,Klaas,803,Gerda,2014-11-30,2014-12-04,2014-12-10,7,410,Soja Vanillevla Biologisch,biologische artikelen,22.5,157.5
1427,11,Jansen,5645KZ1,Eindhoven,REHV,802,Klaas,802,Klaas,2014-12-06,,,22,408,Soja Chocolademelk Biologisch,biologische artikelen,17.5,385
1428,14,Kraymans,5472ZK103,Erp,GVGH,806,Karel,804,Bertha,2014-12-07,2014-12-11,,19,408,Soja Chocolademelk Biologisch,biologische artikelen,17.5,332.5
1429,18,Bocht,5798ZK177,Laarbeek,RHMD,803,Gerda,802,Klaas,2014-12-08,2014-12-09,2014-12-27,14,408,Soja Chocolademelk Biologisch,biologische artikelen,17.5,245
1430,11,Jansen,5645KZ1,Eindhoven,REHV,802,Klaas,805,Harrie,2014-12-10,2014-12-15,,11,405,Magere Kwark,zuivelartikelen,8.95,98.45
1431,18,Bocht,5798ZK177,Laarbeek,RHMD,803,Gerda,803,Gerda,2014-12-11,2014-12-13,,22,407,Zwezerik,luxe artikelen van de traitteur,14.25,313.5
1432,18,Bocht,5798ZK177,Laarbeek,RHMD,803,Gerda,805,Harrie,2014-12-15,2014-12-20,2014-12-25,6,401,Kaviaar,luxe artikelen van de traitteur,23.65,141.9
1432,18,Bocht,5798ZK177,Laarbeek,RHMD,803,Gerda,805,Harrie,2014-12-15,2014-12-20,2014-12-25,28,407,Zwezerik,luxe artikelen van de traitteur,14.25,399
1433,20,Bakermans,5631PK10,Waalre,REHV,802,Klaas,806,Karel,2014-12-15,2014-12-22,,9,407,Zwezerik,luxe artikelen van de traitteur,14.25,128.25
1434,13,Heiden. van der,5701HT21,Helmond,RHMD,803,Gerda,804,Bertha,2014-12-16,2014-12-22,2014-12-26,11,409,Vruchtenyoghurt Mango,zuivelartikelen,16.25,178.75
1435,15,Boer. de,5463ZK1003,Veghel,GVGH,806,Karel,803,Gerda,2014-12-17,2014-12-21,2015-01-08,6,411,Sojamelk Gezoet Biologisch,biologische artikelen,21.95,131.7
1436,12,Rademakers,5625BT24,Eindhoven,REHV,802,Klaas,806,Karel,2014-12-17,,,9,402,Ganzenlever,luxe artikelen van de traitteur,40.7,366.3
1437,12,Rademakers,5625BT24,Eindhoven,REHV,802,Klaas,804,Bertha,2014-12-22,2014-12-24,2014-12-29,17,404,Volle Yoghurt,zuivelartikelen,12.5,212.5
1437,12,Rademakers,5625BT24,Eindhoven,REHV,802,Klaas,804,Bertha,2014-12-22,2014-12-24,2014-12-29,3,405,Magere Kwark,zuivelartikelen,8.95,26.85
1438,16,Velzenmaker,5625BT24,Eindhoven,REHV,802,Klaas,806,Karel,2014-12-26,2015-01-01,,6,402,Ganzenlever,luxe artikelen van de traitteur,40.7,244.2
1439,15,Boer. de,5463ZK1003,Veghel,GVGH,806,Karel,804,Bertha,2014-12-26,,,11,407,Zwezerik,luxe artikelen van de traitteur,14.25,156.75
